ID,stats_name
neymar,neymar
ousmanedembele,ousmanedembele
virgilvandijk,virgilvandijk
alvaromorata,alvaromorata
pierreemerickaubameyang,pierreemerickaubameyang
benjaminmendy,benjaminmendy
kylewalker,kylewalker
jamesrodriguez,jamesrodriguez
leonardobonucci,leonardobonucci
mohamedsalah,mohamedsalah
corentintolisso,corentintolisso
ederson,ederson
tiemouebakayoko,tiemouebakayoko
philippecoutinho,philippecoutinho
romelulukaku,romelulukaku
alexissanchez,alexissanchez
aymericlaporte,aymericlaporte
diegocosta,diegocosta
alexandrelacazette,alexandrelacazette
bernardosilva,bernardosilva
gylfisigurdsson,gylfisigursson
nemanjamatic,nemanjamatic
davinsonsanchez,davinsonsanchez
paulinho,paulinho
federicobernardeschi,federicobernardeschi
andresilva,andresilva
dannydrinkwater,dannydrinkwater
vitolo,vitolo
victorlindelof,victorlindelof
kylianmbappe,kylianmbappe
inigomartinez,inigomartinez
keitabalde,keitabalde
blaisematuidi,blaisematuidi
jordanpickford,jordanpickford
lucasmoura,lucasmoura
kelechiiheanacho,kelechiiheanacho
joaomario,joaomario
alexoxladechamberlain,alexoxladechamberlain
nelsonsemedo,nelsonsemedo
antoniorudiger,antoniorudiger
henrikhmkhitaryan,henrikhmkhitaryan
milanskriniar,milanskriniar
alessandrobastoni,alessandrobastoni
danilo,danilo
douglascosta,douglascosta
michaelkeane,michaelkeane
mamadousakho,mamadousakho
davyklaassen,davyklaassen
andriyyarmolenko,andriyyarmolenko
youritielemans,youritielemans
adriensilva,adriensilva
juancuadrado,juancuadrado
michybatshuayi,michybatshuayi
grzegorzkrychowiak,grzegorzkrychowiak
andreaconti,andreaconti
theohernandez,theohernandez
andreayew,andreayew
theowalcott,theowalcott
guidocarrillo,guidocarrillo
islamslimani,islamslimani
sergeaurier,sergeaurier
davidezappacosta,davidezappacosta
niklassule,niklassule
rossbarkley,rossbarkley
luismuriel,luismuriel
matiasvecino,matiasvecino
hakancalhanoglu,hakancalhanoglu
nathanake,nathanake
cenktosun,cenktosun
markoarnautovic,markoarnautovic
renatosanches,renatosanches
rodrigobentancur,rodrigobentancur
kingsleycoman,kingsleycoman
nikolamaksimovic,nikolamaksimovic
jadonsancho,jadonsancho
andregray,andregray
emerson,emerson
kevinkampl,kevinkampl
oliviergiroud,oliviergiroud
nikolakalinic,nikolakalinic
franckkessie,franckkessie
kevinwimmer,kevinwimmer
nabilbentaleb,nabilbentaleb
nicolaspepe,nicolaspepe
manuelakanji,manuelakanji
dalbert,dalberto
pietropellegri,pietropellegri
robertogagliardini,robertogagliardini
maximilianphilipp,maximilianphilipp
lucasbiglia,lucasbiglia
danielsturridge,danielsturridge
joaocancelo,joaocancelo
lucasalario,lucasalario
mateomusacchio,mateomusacchio
chicharito,ari
florianthauvin,florianthauvin
carlosbacca,carlosbacca
mariolemina,mariolemina
wojciechszczesny,wojciechszczesny
matthiasginter,matthiasginter
ismailasarr,ismailasarr
jurgenlocadia,jurgenlocadia
goncaloguedes,goncaloguedes
martenderoon,martenderoon
chriswood,chriswood
rickkarsdorp,rickkarsdorp
wilfriedbony,wilfriedbony
benedikthowedes,benedikthowedes
geoffreykondogbia,geoffreykondogbia
panagiotisretsos,panagiotisretsos
jhoncordoba,jhoncordoba
johnbrooks,johnbrooks
giovannisimeone,giovannisimeone
ricardorodriguez,ricardorodriguez
medhibenatia,medhibenatia
daniceballos,daniceballos
samclucas,samclucas
wesleyhoedt,wesleyhoedt
yuriberchiche,yuriberchiche
simonezaza,simonezaza
omertoprak,omertoprak
fernandollorente,fernandollorente
konstantinosmitroglou,kostasmitroglou
vicenteiborra,vicenteiborra
bruma,bruma
marcbartra,marcbartra
kurtzouma,kurtzouma
mbayeniang,mbayeniang
sergegnabry,sergegnabry
badoundiaye,badoundiaye
jeankevinaugustin,jeankevinaugustin
everbanega,everbanega
oliverburke,oliverburke
terencekongolo,terencekongolo
gianlucacaprari,gianlucacaprari
mahmouddahoud,mahmouddahoud
markopjaca,markopjaca
patrikschick,patrikschick
waynerooney,waynerooney
lucasperez,lucasperez
cengizunder,cengizunder
franciscoquelin,franciscoquelin
rubensemedo,rubensemedo
maximegonalons,maximegonalons
enesunal,enesunal
harrymaguire,harrymaguire
sandrowagner,sandrowagner
stevemounie,stevemounie
gabrielpaulista,gabrielpaulista
seadkolasinac,seadkolasinac
eliaquimmangala,eliaquimmangala
rafinha,rafinha
joseizquierdo,joseizquierdo
thiagomaia,thiagomaia
gerarddeulofeu,gerarddeulofeu
jayrodriguez,jayrodriguez
markorog,markorog
emremor,emremor
davypropper,davypropper
jeisonmurillo,jeisonmurillo
svenbender,svenbender
simonkjr,simonkjr
mariohermoso,mariohermoso
richarlison,richarlison
douglasluiz,douglasluiz
mattiadesciglio,mattiadesciglio
robertoinglese,robertoinglese
joehart,joehart
brunoperes,brunoperes
yevgenkonoplyanka,yevhenkonoplyanka
roquemesa,roquemesa
yerrymina,yerrymina
alexpritchard,alexpritchard
deniszakaria,deniszakaria
marcobenassi,marcobenassi
pablofornals,pablofornals
adamounas,adamounas
martinterrier,martinterrier
luizgustavo,luizgustavo
divockorigi,divockorigi
giannelliimbula,giannelliimbula
landrydimata,landrydimata
asmirbegovic,asmirbegovic
jacobmurphy,jacobmurphy
diegollorente,diegollorente
brunomartinsindi,brunomartinsindi
lorenzopellegrini,lorenzopellegrini
nolito,nolito
aleksandardragovic,aleksandardragovic
jesusnavas,jesusnavas
guilhermearana,guilhermearana
leonardopavoletti,leonardopavoletti
vincentkoziello,vincentkoziello
sergidarder,sergidarder
juanfoyth,juanfoyth
luizaraujo,luizaraujo
ignaciocamacho,ignaciocamacho
adamadiakhaby,adamadiakhaby
allansaintmaximin,allansaintmaximin
florianlejeune,florianlejeune
papecheikh,papecheikhdiop
jonathancafu,jonathancafu
ryadboudebouz,ryadboudebouz
vincenzogrifo,vincenzogrifo
nikolavlasic,nikolavlasic
stevanjovetic,stevanjovetic
jordanhugill,jordanhugill
loisdiony,loisdiony
bertrandtraore,bertrandtraore
valeregermain,valeregermain
kierangibbs,kierangibbs
josipilicic,josipilicic
sandroramirez,sandroramirez
johannesgeis,johannesgeis
nampalysmendy,nampalysmendy
lucianovietto,lucianovietto
willhughes,willhughes
aleksandarkolarov,aleksandarkolarov
jordanamavi,jordanamavi
nani,nani
andreabertolacci,andreabertolacci
didierndong,
borjabaston,borjabaston
tomcleverley,tomcleverley
aaronmooy,aaronmooy
jackcork,jackcork
jonathas,jonathas
thiagomendes,thiagomendes
borjavalero,borjavalero
khoumababacar,khoumababacar
guidopizarro,guidopizarro
tomince,tomince
andrewrobertson,andrewrobertson
jairoriedewald,jairoriedewald
nicolamurru,nicolamurru
kevinmalcuit,kevinmalcuit
jordanveretout,jordanveretout
gregoiredefrel,gregoiredefrel
federicofazio,federicofazio
loicremy,loicremy
adnanjanuzaj,adnanjanuzaj
milotrashica,milotrashica
juanjesus,juanjesus
amineharit,amineharit
davieselke,davieselke
vitorhugo,vitorhugo
konradlaimer,konradlaimer
hectormoreno,hectormoreno
diafrasakho,diafrasakho
duvanzapata,duvanzapata
sebastienhaller,sebastienhaller
henryonyekuru,henryonyekuru
nicolasdepreville,nicolasdepreville
admirmehmedi,admirmehmedi
soualihomeite,soualihomeite
rafikguitane,rafikguitane
havardnordtveit,havardnordtveit
marianodiaz,mariano
mariorui,mariorui
stevemandanda,stevemandanda
gianlucalapadula,gianlucalapadula
abdulrahmanbaba,abdulrahmananwar
jonathancalleri,jonathancalleri
diegorolan,diegorolan
lyanco,lyanco
cristiantello,cristiantello
tomasrincon,tomasrincon
sebastianrudy,sebastianrudy
rachidghezzal,rachidghezzal
tammyabraham,tammyabraham
pedroneto,pedroneto
christianatsu,christianatsu
marcelo,marcelo
brunofernandes,brunofernandes
jetrowillems,jetrowillems
nicolasnkoulou,nicolasnkoulou
benoitcostil,benoitcostil
jese,jese
filipporomagna,filipporomagna
jorgemere,jorgemere
victorcamarasa,victorcamarasa
faitoutmaouassa,faitoutmaouassa
santiagoascacibar,santiagoascacibar
sebastiencorchia,sebastiencorchia
martinbraithwaite,martinbraithwaite
remycabella,remycabella
yuningzhang,
janneshorn,janneshorn
jeremytoljan,jeremytoljan
clintonnjie,clintonnjie
alexberenguer,alexberenguer
neto,neto
francescocassata,francescocassata
valentineysseric,valentineysseric
ademolalookman,ademolalookman
pablozabaleta,pablozabaleta
yannmvila,yannmvila
matteopessina,matteopessina
pollirola,pollirola
kyriakospapadopoulos,kyriakospapadopoulos
lucasleiva,lucasleiva
ronrobertzieler,ronrobertzieler
javigarcia,javigarcia
wahbikhazri,wahbikhazri
maxgradel,maxgradel
kenedy,kenedy
georgeskevinnkoudou,georgeskevinnkoudou
wesleysneijder,wesleysneijder
gastonramirez,gastonramirez
moritzbauer,moritzbauer
andrehahn,andrehahn
janbednarek,janbednarek
adilrami,adilrami
andreascornelius,andreascornelius
timothycastagne,timothycastagne
nathanielchalobah,nathanielchalobah
chadracakolo,chadracakolo
jeanvictormakengo,jeanvictormakengo
fabioeguelfi,fabioeguelfi
mathewryan,mathewryan
danilocataldi,danilocataldi
mauriciolemos,mauriciolemos
andrecarrillo,andrecarrillo
ishakbelfodil,ishakbelfodil
aymenabdennour,aymenabdennour
firminmubele,
riccardomarchizza,riccardomarchizza
mariogomez,mariogomez
andresguardado,andresguardado
pablopiatti,pablopiatti
bartoszkapustka,bartoszkapustka
germanpezzella,germanpezzella
joelcampbell,joelcampbell
miguellayun,miguellayun
ericmaximchoupomoting,ericmaximchoupomoting
jasminkurtic,jasminkurtic
etritberisha,etritberisha
adammarusic,adammarusic
nikolamilenkovic,nikolamilenkovic
dodo,dodo
kennytete,kennytete
danialves,danialves
michaelgregoritsch,michaelgregoritsch
riadbajic,riadbajic
joselu,joselu
florianniederlechner,florianniederlechner
cristianansaldi,cristianansaldi
otavio,otavio
marlon,marlon
javiermanquillo,javiermanquillo
stanislavlobotka,stanislavlobotka
dodilukebakio,dodilukebakio
ferlandmendy,ferlandmendy
nahkiwells,nahkiwells
abdoudiallo,abdoudiallo
william,william
assanediousse,assanediousse
federicomattiello,federicomattiello
ahmedhegazy,ahmedhegazi
xeka,xeka
saphirtaider,saphirtaider
viktorfischer,viktorfischer
andreaspereira,andreaspereira
juanfranmoreno,moreno
iurimedeiros,iurimedeiros
yvonmvogo,yvonmvogo
aaronlennon,aaronlennon
fabioborini,fabioborini
lisandrolopez,lisandrolopez
reeceoxford,reeceoxford
rubenloftuscheek,rubenloftuscheek
johnguidetti,johnguidetti
charlietaylor,charlietaylor
izzybrown,izzybrown
kevinprinceboateng,kevinprinceboateng
jermaindefoe,jermaindefoe
brownideye,brownideye
bojankrkic,bojankrkic
leonardoulloa,leonardoulloa
vukasinjovanovic,vukasinjovanovic
papydjilobodji,papydjilobodji
emanuelcecchini,emanuelcecchini
ihlasbebou,ihlasbebou
dariodelfabro,dariodelfabro
kalifacoulibaly,kalifacoulibaly
markussuttner,markussuttner
bernardoespinosa,bernardoespinosa
joseluispalomino,joseluispalomino
bastianoczipka,bastianoczipka
ludwigaugustinsson,ludwigaugustinsson
giuseppepezzella,giuseppepezzella
leonardomancuso,leonardomancuso
guilherme,guilherme
marcal,wanyamarcalmadivadua
youssoufsabaly,youssoufsabaly
ezequielschelotto,ezequielschelotto
giovannisio,giovannisio
hernantoledo,hernantoledo
ricardocenturion,ricardocenturion
ivanstrinic,ivanstrinic
nordinamrabat,nordinamrabat
maxigomez,maxigomez
anastasiosdonis,anastasiosdonis
jackharrison,jackharrison
brunogaspar,brunogaspar
dawidkownacki,dawidkownacki
enzocrivelli,enzocrivelli
jeffersonmontero,jeffersonmontero
pascalstenzel,pascalstenzel
brunojordao,brunojordao
pierreleesmelou,pierreleesmelou
paulooliveira,paulooliveira
olarenwajukayode,olarenwajukayode
moussakonate,moussakonate
bryandabo,bryandabo
naldo,naldo
andreawgravillon,andrewgravillon
edoardogoldaniga,edoardogoldaniga
pascalgro,pascalgro
cipriantatarusanu,cipriantatarusanu
raulbobadilla,raulbobadilla
albertopaloschi,albertopaloschi
antunes,alexisantunes
cheickdiabate,cheickdiabate
alessiocerci,alessiocerci
salvatoresirigu,salvatoresirigu
gianmarcoferrari,gianmarcoferrari
rogermartinez,rogermartinez
martincaceres,martincaceres
diegofalcinelli,diegofalcinelli
nevensubotic,nevensubotic
kikofemenia,kikofemenia
andreapoli,andreapoli
timkrul,timkrul
floriangrillitsch,floriangrillitsch
paulgeorgesntep,paulgeorgesntep
hernani,hernani
orestiskarnezis,orestiskarnezis
isaacsuccess,isaacsuccess
darkobrasanac,darkobrasanac
pontusdahlberg,pontusdahlberg
laurentdepoitre,laurentdepoitre
yoricravet,yoricravet
julianpollersbeck,julianpollersbeck
sergioleon,sergioleon
benjaminbourigeaud,benjaminbourigeaud
scottmalone,scottmalone
anthonyujah,anthonyujah
joanjordan,joanjordan
ferdinandodelsole,ferdinandodelsole
pabloinsua,pabloinsua
lukaslerager,lukaslerager
robinkoch,robinkoch
corentinjean,corentinjean
jozabedsanchez,jo
marvinzeegelaar,marvinzeegelaar
oscarhiljemark,oscarhiljemark
racinecoly,racinecoly
edgarie,edgarie
federicoricci,federicoricci
cristhianstuani,cristhianstuani
dominikkohr,dominikkohr
nicolaspallois,nicolaspallois
renatosteffen,renatosteffen
eliaskachunga,eliaskachunga
danielbessa,danielbessa
carlossalcedo,carlossalcedo
ervinzukanovic,ervinzukanovic
konstantinosstafylidis,kostasstafylidis
federicoviviani,federicoviviani
riccardoorsolini,riccardoorsolini
sergisamper,sergisamper
adrianlopez,adrianlopez
paulbaysse,paulbaysse
cyrilthereau,cyrilthereau
estebanrolon,estebanrolon
sennamiangue,sennamiangue
joaoqueiros,joaoqueiros
alexandrumaxim,alexandrumaxim
nenadtomovic,nenadtomovic
lionelcarole,lionelcarole
albertograssi,albertograssi
simonterodde,simonterodde
sergiogomez,sergiogomez
juliankorb,juliankorb
marceltisserand,marceltisserand
brandonthomas,brandon
bramnuytinck,bramnuytinck
nicoschulz,nicoschulz
fabianschar,fabianschar
fabianorellana,fabianorellana
rickvandrongelen,rickvandrongelen
mathewleckie,mathewleckie
jiripavlenka,jiripavlenka
jordimboula,jordimboula
tomaskoubek,tomaskoubek
seadhaksabanovic,seadhaksabanovic
antoninbarak,antoninbarak
carlossanchez,carlossanchez
mikelmerino,mikelmerino
burgui,burgui
dimitriossiovas,dimitrissiovas
simonfalette,simonfalette
andreasbeck,andreasbeck
felipecaicedo,felipecaicedo
thomastoure,thomastoure
amathndiaye,amath
zouhairfeddal,zouhairfeddal
ezequielmunoz,ezequielmunoz
kenankodro,kenankodro
gregoryvanderwiel,gregoryvanderwiel
evertonluiz,evertonluiz
jonathansilva,jonathansilva
sebastianlangkamp,sebastianlangkamp
pedromendes,pedromendes
valentinolazaro,valentinolazaro
yannkaramoh,yannkaramoh
oussamatannane,oussamatannane
antoniobarragan,antoniobarragan
felixpasslack,felixpasslack
sergiogarcia,sergiogarcia
federicovalverde,federicovalverde
nemanjamaksimovic,nemanjamaksimovic
maximelestienne,maximelestienne
remiwalter,remiwalter
claudiobeauvue,claudiobeauvue
leandrocastan,leandrocastan
manuelpucciarelli,manuelpucciarelli
costelpantilimon,costelpantilimon
adriangonzalez,adriangonzalez
youssefaitbennasser,youssefaitbennasser
emmanuelboateng,emmanuelboateng
andyking,andyking
rolandomandragora,rolandomandragora
marcmuniesa,marcmuniesa
fahadalmuwallad,fahadalmuwallad
ethanampadu,ethanampadu
rodrigoely,rodrigoely
davidedigennaro,davidedigennaro
justinhoogma,justinhoogma
zanka,ozankabak
gianlucadichiara,gianlucadichiara
jaroslawjach,jarosawjach
thomasheurtaux,thomasheurtaux
marcoterrazzino,marcoterrazzino
lukailic,lukailic
maximilianoolivera,maximilianoolivera
sebastiancristoforo,sebastiancristoforo
vanjamilinkovicsavic,vanjamilinkovicsavic
karimrekik,karimrekik
ailton,ailton
philippwollscheid,
gabrielsilva,gabrielsilva
cesarfalletti,cesarfalletti
jonathanwalters,jonathanwalters
lucarossettini,lucarossettini
benjaminlecomte,benjaminlecomte
alesmateju,alesmateju
djene,djene
jeanclaudebillong,jeanclaudebillong
paolofarago,paolofarago
valonbehrami,valonbehrami
samuelarmenteros,samuelarmenteros
brunogonzalez,brunogonzalez
jonasmartin,jonasmartin
fredericguilbert,fredericguilbert
yoelrodriguez,rodri
tito,tito
cristianobiraghi,cristianobiraghi
gelsonfernandes,gelsonfernandes
ahmadbenali,ahmadbenali
anterebic,anterebic
holgerbadstuber,holgerbadstuber
josipelez,josipelez
luciano,luciano
marcofossati,marcofossati
jordiamat,jordiamat
danijelmilicevic,danijelmilicevic
cafu,cafu
lassanadiarra,lassanadiarra
jagosvukovic,jagosvukovic
nolanroux,nolanroux
emmanuelemenike,manuel
mathieudebuchy,mathieudebuchy
mariuszstepinski,mariuszstepinski
enzozidane,enzozidane
florenthadergjonaj,florenthadergjonaj
lucarizzo,lucarizzo
timothyfosumensah,timothyfosumensah
ezequielponce,ezequielponce
juankar,juankar
alvaromedran,alvaromedran
lacinatraore,lacinatraore
erwinmulder,erwinmulder
achraflazaar,achraflazaar
sandro,sandro
hamaritraore,hamaritraore
andreigirotto,andreigirotto
gaetanoletizia,gaetanoletizia
lucacigarini,lucacigarini
eldinjakupovic,eldinjakupovic
vidbelec,vidbelec
petarbrlek,petarbrlek
sasalukic,sasalukic
konstantinosmavropanos,konstantinosmavropanos
michaelesser,michaelesser
marvinstefaniak,marvinstefaniak
ihsansacko,ihsansacko
matheuspereira,matheuspereira
alexandersrloth,alexandersrloth
lucasholer,lucasholer
mamadoucoulibaly,mamadoucoulibaly
martindubravka,martindubravka
foussenidiabate,foussenidiabate
filiphelander,filiphelander
tanguyndombele,tanguyndombele
diegogonzalez,diegogonzalez
rubensobrino,rubensobrino
alexanderdjiku,alexanderdjiku
fabriziocaligara,fabriziocaligara
baptisteguillaume,baptisteguillaume
mattiavitale,mattiavitale
dimitrifoulquier,dimitrifoulquier
sebastiendemaio,sebastiendemaio
andresfernandez,andresfernandez
naimsliti,naimsliti
antoniosivera,antoniosivera
bonganizungu,bonganizungu
lassanacoulibaly,lassanacoulibaly
benjaminjeannot,benjaminjeannot
idrisssaadi,idrisssaadi
jeromegondorf,jeromegondorf
rubenrochina,rubenrochina
giancarlogonzalez,giancarlogonzalez
wesleylautoa,wesleylautoa
jonathandeguzman,jonathandeguzman
ramanchibsah,ramanchibsah
charalamposlykogiannis,charalamboslykogiannis
cedricyambere,cedricyambere
jairosamperio,jairosamperio
lukajovic,lukajovic
ledianmemushaj,ledianmemushaj
francescozampano,francescozampano
dominicsolanke,dominicsolanke
reneadler,reneadler
pedropereira,pedropereira
cucomartina,cucomartina
nigeldejong,nigeldejong
matthiasostrzolek,matthiasostrzolek
jeromeonguene,jeromeonguene
gildias,gil
ximonavarro,ximonavarro
umarsadiq,umarsadiq
darrenfletcher,darrenfletcher
miguelangelmoya,miguelangelmoya
yeningbakoto,yeningbakoto
francktabanou,francktabanou
enekoboveda,enekoboveda
estebangranero,estebangranero
clementgrenier,clementgrenier
maksymkoval,maksymkoval
zakariabakkali,zakariabakkali
lucasboye,lucasboye
yassineelghanassy,yassineelghanassy
albertobueno,albertobueno
maurodossantos,maurodossantos
roberto,roberto
dannywilliams,dannywilliams
josenaranjo,jo
marcoandreolli,marcoandreolli
federicobonazzoli,federicobonazzoli
antonioluna,antonioluna
samugarcia,samugarcia
gakushibasaki,gakushibasaki
coke,coke
alexalegria,alexalegria
faycalfajr,faycalfajr
davidtimor,davidtimor
massimocoda,massimocoda
gaetanocastrovilli,gaetanocastrovilli
orelmangala,orelmangala
matiasaguirregaray,matiasaguirregaray
mariosikonomou,mariosoikonomou
rydermatos,rydermatos
nicolashaas,nicolashaas
hyunjunsuk,
alfredgomis,alfredgomis
joachimandersen,joachimandersen
chocolozano,
petkohristov,petkohristov
daichikamada,daichikamada
yahyaalshehri,yahyaalshehri
salahmohsen,sala
cheickdoukoure,cheickdoukoure
bartoszsalamon,bartoszsalamon
paulverhaegh,paulverhaegh
seungwoolee,
vitaliedamascan,vitaliedamascan
rafikzekhnini,rafikzekhnini
kaylenhinds,kaylenhinds
vetonberisha,vetonberisha
martingraiciar,martingraiciar
nunodacosta,nunodacosta
javifuego,javifuego
damirceter,damirceter
enisbardhi,enisbardhi
aristotelesromero,aristotelesromero
abdelhamidsabiri,abdelhamidsabiri
wesleysaid,wesleysaid
franciscoportillo,franciscoportillo
andreacosta,andreacosta
ivilopez,ivi
garethbarry,garethbarry
pietroiemmello,pietroiemmello
stefpeeters,stefpeeters
emmanuelriviere,emmanuelriviere
jorginho,jorginho
lucagarritano,lucagarritano
danipacheco,danielpacheco
philbardsley,philbardsley
pedrorebocho,pedrorebocho
mollawague,mollawague
mitchelllangerak,mitchelllangerak
antebudimir,antebudimir
lebogangphiri,lebogangphiri
dennisaogo,dennisaogo
pirminschwegler,pirminschwegler
andreygalabinov,andreygalabinov
marcelbuchel,marcelbuchel
danieleverde,danieleverde
moisekean,moisekean
peteretebo,
andreramalho,andreramalho
alejandrogalvez,alejandro
willycaballero,willycaballero
michaelkrohndehli,michaelkrohndehli
facundopiriz,facundopiriz
renekrhin,renekrhin
francoisbellugou,francoisbellugou
tomaspina,pina
manueliturra,manueliturra
hernanperez,hernanperez
jonaslossl,jonaslossl
javieraso,javiereraso
princeoniangue,princeoniangue
charles,charles
josebazaldua,josebazaldua
daniloavelar,daniloavelar
cote,marcoterrazzino
roberibanez,robertibanez
arlindajeti,arlindajeti
marcodalessandro,marcodalessandro
erickcabaco,erickcabaco
markelbergara,markelbergara
filipdjuricic,filipuricic
carlesplanas,carlesplanas
kepaarrizabalaga,kepaarrizabalaga
riyadmahrez,riyadmahrez
thibautcourtois,thibautcourtois
alisson,alisson
gonzalohiguain,gonzalohiguain
fabinho,fabinho
malcom,malcom
cristianoronaldo,cristianoronaldo
thomaslemar,thomaslemar
nabykeita,nabykeita
christianpulisic,christianpulisic
fred,fred
viniciusjunior,viniciusjunior
radjanainggolan,radjanainggolan
leandroparedes,leandroparedes
stefandevrij,stefandevrij
lucaspaqueta,lucaspaqueta
mattiacaldara,mattiacaldara
clementlenglet,clementlenglet
gelsonmartins,gelsonmartins
alvaroodriozola,alvaroodriozola
jeffersonlerma,jeffersonlerma
aleksandrgolovin,aleksandrgolovin
fabianruiz,fabianruizpena
stevennzonzi,stevennzonzi
leongoretzka,leongoretzka
felipeanderson,felipeanderson
thilokehrer,thilokehrer
krzysztofpiatek,krzysztofpiatek
arturovidal,arturovidal
arthurmelo,arthurmelo
jeanmichaelseri,michael
lucastorreira,lucastorreira
mateokovacic,mateokovacic
berndleno,berndleno
jannikvestergaard,jannikvestergaard
jamesmaddison,jamesmaddison
rodri,rodri
bryancristante,bryancristante
giovanilocelso,giovanilocelso
emrecan,emrecan
kevinstrootman,kevinstrootman
lautaromartinez,lautaromartinez
issadiop,issadiop
simoneverdi,simoneverdi
williamcarvalho,williamcarvalho
cescfabregas,cescfabregas
simevrsaljko,simevrsaljko
frankanguissa,fran
aleksandarmitrovic,aleksandarmitrovic
miguelalmiron,miguelalmiron
alassaneplea,alassaneplea
diogodalot,diogodalot
moussadembele,moussadembele
samucastillejo,samucastillejo
caglarsoyuncu,caglarsoyuncu
rafaelleao,rafaelleao
thomasdelaney,thomasdelaney
javierpastore,javierpastore
quincypromes,quincypromes
alirezajahanbakhsh,alirezajahanbakhsh
ricardopereira,ricardopereira
matteopolitano,matteopolitano
jonnyotto,jo
lucasdigne,lucasdigne
axelwitsel,axelwitsel
benjaminhenrichs,benjaminhenrichs
adamatraore,adamatraore
kevingameiro,kevingameiro
mariobalotelli,mariobalotelli
diegolaxalt,diegolaxalt
mohamedelyounoussi,mohamedelyounoussi
karltokoekambi,karltokoekambi
xherdanshaqiri,xherdanshaqiri
albanlafont,albanlafont
willemgeubbels,willemgeubbels
gerardmoreno,gerardmoreno
amadouhaidara,amadouhaidara
sokratispapastathopoulos,sokratispapastathopoulos
jackwilshere,jackwilshere
dujecaletacar,dujecaletacar
ruipatricio,ruipatricio
santiagoarias,santiagoarias
salifsane,salifsane
markuth,markuth
justinkluivert,justinkluivert
emilianosala,emilianosala
bengibson,bengibson
yvesbissouma,yvesbissouma
mattiaperin,mattiaperin
nordimukiele,nordimukiele
bernard,bernard
maxmeyer,maxmeyer
joaquincorrea,joaquincorrea
brahimdiaz,brahimdiaz
leanderdendoncker,leanderdendoncker
alfiemawson,alfiemawson
leonardobalerdi,leonardobalerdi
mouctardiakhaby,mouctardiakhaby
jorisgnagnon,jorisgnagnon
danielwass,danielwass
rauljimenez,rauljimenez
pacoalcacer,pacoalcacer
andreschurrle,andreschurrle
diegorico,diegorico
matheuscunha,matheuscunha
nacerchadli,nacerchadli
jonnyevans,jonnyevans
andregomes,andregomes
cedricsoares,cedricsoares
milanbadelj,milanbadelj
alphonsodavies,alphonsodavies
jeaneudesaholou,jeaneudesaholou
dannyward,dannyward
calumchambers,calumchambers
nathanielclyne,nathanielclyne
jakubjankto,jakubjankto
filipbenkovic,filipbenkovic
ibrahimamadou,ibrahimamadou
diegolainez,diegolainez
diogojota,diogojota
kwadwoasamoah,kwadwoasamoah
chrismepham,chrismepham
salomonrondon,salomonrondon
matejvydra,matejvydra
emersonroyal,emerson
francescoacerbi,francescoacerbi
willyboly,willyboly
cheikhoukouyate,cheikhoukouyate
aaronmartin,aaronmartin
mitchellweiser,mitchellweiser
nemanjaradonjic,nemanjaradonjic
marcelosaracchi,marcelosaracchi
juanbernat,juanbernat
denissuarez,denissuarez
munirelhaddadi,munirelhaddadi
sofianeboufal,sofianeboufal
manologabbiadini,manologabbiadini
benikafobe,benikafobe
angusgunn,angusgunn
nicogonzalez,ale
suatserdar,suatserdar
fodeballotoure,fodeballotoure
sergiorico,sergiorico
alexmeret,alexmeret
joshmurphy,joshmurphy
bobbydecordovareid,
davidbrooks,davidbrooks
ozankabak,ozankabak
armandoizzo,armandoizzo
karimadeyemi,karimadeyemi
danielginczek,danielginczek
danilobarbosa,danilobarbosa
borjaiglesias,borjaiglesias
jasondenayer,jasondenayer
santiagocaseres,santiagocaseres
bernardo,bernardo
jeremieboga,jeremieboga
yoshinorimuto,yoshinorimuto
woutweghorst,woutweghorst
omarmascarell,omarmascarell
antoniobarreca,antoniobarreca
myzianemaolida,myzianemaolida
ramirofunesmori,ramirofunesmori
valonberisha,valonberisha
joaomoutinho,joaomoutinho
mariuswolf,mariuswolf
gerson,gerson
pablomaffeo,pablomaffeo
martinhinteregger,martinhinteregger
stevenzuber,stevenzuber
kevinakpoguma,kevinakpoguma
lukashradecky,lukashradecky
omarcolley,omarcolley
rabbimatondo,rabbimatondo
riccardosaponara,riccardosaponara
antoninolagumina,antoninolagumina
leodubois,leodubois
davidesanton,davidesanton
aleixvidal,aleixvidal
robinolsen,robinolsen
jordan,jordan
lukaszskorupski,ukaszskorupski
andreapetagna,andreapetagna
samuelkalu,samuelkalu
davidebettella,davidebettella
kasimadams,
anthonylimbombe,anthonylimbombe
andriylunin,andriylunin
keno,keno
matteoguendouzi,matteoguendouzi
lukaszfabianski,ukaszfabianski
ignaciopussetto,ignaciopussetto
cristianopiccini,cristianopiccini
federicofernandez,federicofernandez
jeromeroussillon,jeromeroussillon
jeanphilippemateta,jeanphilippemateta
erlinghaaland,erlinghaaland
franbeltran,franbeltran
alexismacallister,alexismacallister
martinmontoya,martinmontoya
gonzalocastro,gonzalocastro
mariopasalic,mariopasalic
ivanmarcano,ivanmarcano
dannyings,dannyings
maximilianwober,maximilianwober
jordanayew,jordanayew
jonathanbamba,jonathanbamba
jeanclairtodibo,jeanclairtodibo
almamytoure,almamytoure
kevintrapp,kevintrapp
adrienthomasson,adrienthomasson
denischeryshev,denischeryshev
manuellocatelli,manuellocatelli
stuartarmstrong,stuartarmstrong
nikolavukcevic,nikolavukcevic
andreafavilli,andreafavilli
lukaszteodorczyk,ukaszteodorczyk
dominiqueheintz,dominiqueheintz
robertosoriano,robertosoriano
albertocerri,albertocerri
patrickroberts,patrickroberts
pierrekunde,pierrekunde
rizadurmisi,rizadurmisi
antecoric,antecoric
okayyokuslu,okayyokuslu
borjamayoral,borjamayoral
emilianorigoni,emilianorigoni
rubenperez,rubenperez
federicodifrancesco,federicodifrancesco
nestoraraujo,nestoraraujo
pele,pele
jacobrasmussen,jacobrasmussen
ramadansobhi,ramadansobhi
lucascastro,lucascastro
adammasina,adammasina
kevinmirallas,kevinmirallas
oumarniasse,oumarniasse
laminekone,laminekone
stefanosturaro,stefanosturaro
antoniosanabria,antoniosanabria
danieldidavi,danieldidavi
gervinho,gervinho
harryarter,harryarter
sungyuengki,kisungyueng
karambodj,karambodji
nicolasansone,nicolasansone
joebryan,joebryan
federicosantander,federicosantander
antepalaversa,antepalaversa
hamzamendyl,hamzamendyl
nicolozaniolo,nicolozaniolo
jurajkucka,jurajkucka
christiankouame,christiankouame
raphaeldwamena,raphaeldwamena
moussaniakhate,moussaniakhate
bornasosa,bornasosa
federicovalietti,federicovalietti
leonardobittencourt,leonardobittencourt
fabri,fabriciogarcia
florinandone,florinandone
rodriguinho,rodriguinho
walace,walace
gabrielbrazao,gabrielbrazao
ronaelpierregabriel,ronaelpierregabriel
tomasvaclik,tomasvaclik
youssefennesyri,youssefennesyri
cristianbenavente,cristianbenavente
mosessimon,mosessimon
gaelkakuta,gaelkakuta
rauldetomas,rauldetomas
christopheherelle,christopheherelle
arberzeneli,arberzeneli
facundoferreyra,facundoferreyra
filipkostic,filipkostic
marcosportiello,marcosportiello
bjornengels,bjornengels
rubenvezo,rubenvezo
filipbradaric,filipbradaric
bremer,gleisonbremer
yacineadli,yacineadli
erikpieters,erikpieters
jensodgaard,jensodgaard
michaellang,michaellang
evanndicka,va
sergigomez,sergigomez
federicodimarco,federicodimarco
damiendasilva,damiendasilva
ronaldovieira,ronaldovieira
lucawaldschmidt,lucawaldschmidt
ivanradovanovic,ivanradovanovic
giangiacomomagnani,giangiacomomagnani
marcocarraro,marcocarraro
mathiasjensen,mathiasjensen
ignasimiquel,ignasimiquel
johanmojica,johanmojica
felipevizeu,felipevizeu
marcotumminello,marcotumminello
lennypintor,lennypintor
jonathanikone,jonathanikone
josemanuelarnaiz,manuel
carloseduardo,carloseduardo
alvarogarcia,alvarogarcia
fabianbalbuena,fabianbalbuena
leobonatini,leobonatini
joshuabrenet,joshuabrenet
virgilmisidjan,virgilmisidjan
samuelgrandsir,samuelgrandsir
ryanbabel,ryanbabel
baptistereynet,baptistereynet
ibaigomez,ibaigomez
joelobi,joelobi
antonioadan,antonioadan
edimilsonfernandes,edimilsonfernandes
stefanookaka,stefanookaka
achrafhakimi,achrafhakimi
takashiinui,takashiinui
paulopez,paulopez
markogrujic,markogrujic
yuyakubo,yuyakubo
lorenzotonelli,lorenzotonelli
sergiocanales,sergiocanales
carlosvinicius,carlosvinicius
ronnyrodelin,ronnyrodelin
bakarysako,bakarysako
lazarmarkovic,lazarmarkovic
christianoliva,christianoliva
zlatkojunuzovic,zlatkojunuzovic
yannissalibur,yannissalibur
vicenteguaita,vicenteguaita
ruifonte,ruifonte
saifeddinekhaoui,saifeddinekhaoui
alexisblin,alexisblin
marccucurella,marccucurella
aminyounes,aminyounes
maximiliankilman,max
andreaspoulsen,andreaspoulsen
rolandsallai,rolandsallai
sidnei,sidnei
szymonzurkowski,szymonzurkowski
davidospina,davidospina
genkiharaguchi,genkiharaguchi
yuyaosako,yuyaosako
davidbutton,davidbutton
albinekdal,albinekdal
nurisahin,nurisahin
boschilia,gabrielboschilia
allannyom,allannyom
mattiassvanberg,mattiassvanberg
matzsels,matzsels
felixklaus,felixklaus
tyleradams,tyleradams
jhoncifuente,cifu
rogeribanez,rogeribanez
antoniomirante,antoniomirante
juanmusso,juanmusso
alexsmithies,alexsmithies
maximelemarchand,maximelemarchand
mohamedsalimfares,moha
pierluigigollini,pierluigigollini
husseinelshahat,
cristianromero,cristianromero
gregcunningham,gregcunningham
lebomothiba,lebomothiba
samanghoddos,samanghoddos
sorykaba,sorykaba
kirildespodov,kirildespodov
ghislainkonan,ghislainkonan
sergioalvarez,sergioalvarez
ivanalejo,ivanalejo
ribamar,ribamar
claudiospinelli,claudiospinelli
gaetanlaborde,gaetanlaborde
olaaina,olaaina
lucasevangelista,lucasevangelista
davidsoria,davidsoria
alfasemedo,alfasemedo
marwinhitz,marwinhitz
marcoliverkempf,marcoliverkempf
valentinvada,valentinvada
jasonpuncheon,jasonpuncheon
domenicocriscito,domenicocriscito
ryanfredericks,ryanfredericks
danigarcia,danigarcia
andydelort,andydelort
jordanferri,jordanferri
federicoceccherini,federicoceccherini
danburn,danburn
lucastorro,lucastorro
christiannrgaard,christiannrgaard
tomabasic,tomabasic
davidhancko,davidhancko
arkadiuszreca,arkadiuszreca
jeanpaulboetius,jeanpaulboetius
thomasfoket,thomasfoket
stevenskrzybski,stevenskrzybski
mathieudossevi,mathieudossevi
serdargurler,serdargurler
gabrielfernandez,gabrielfernandez
sebastianwalukiewicz,sebastianwalukiewicz
genshoji,genshoji
isaacmbenza,isaacmbenza
ragnarklavan,ragnarklavan
leiwu,
derrickluckassen,derrickluckassen
lucasolaza,lucasolaza
joelrobles,joelrobles
ucheagbo,
koffidjidji,koffidjidji
samusaiz,samu
seydoudoumbia,seydoudoumbia
leandrobacuna,leandrobacuna
mattiasprocati,mattiasprocati
williamtroostekong,williamtroostekong
dusanvlahovic,dusanvlahovic
goncalopaciencia,goncalopaciencia
felixbeijmo,felixbeijmo
fredrikjensen,fredrikjensen
sergiguardiola,sergiguardiola
percytau,percytau
tiagocasasola,tiagocasasola
souleymandoumbia,souleymandoumbia
lucasribeiro,lucasribeiro
federicobarba,federicobarba
patricktwumasi,patricktwumasi
enricgallego,enricgallego
youcefatal,youcefatal
andercapa,andercapa
stefanmitrovic,stefanmitrovic
marcovarnier,marcovarnier
denisbouanga,denisbouanga
janmlakar,janmlakar
enricobrignola,enricobrignola
benfoster,benfoster
diegofarias,diegofarias
martinharnik,martinharnik
juanotero,juan
lukasklunter,lukasklunter
isaackiesethelin,isaackiesethelin
frederikronnow,frederikrnnow
mauroarambarri,mauroarambarri
marvinducksch,marvinducksch
pablodeblasis,pablodeblasis
jeffreineadelaide,jeffreineadelaide
josepozo,josepozo
marcellotrotta,marcellotrotta
mattmiazga,mattmiazga
jeffreybruma,jeffreybruma
emilaudero,emilaudero
luisadvincula,luisadvincula
valterbirsa,valterbirsa
chicogeraldes,chico
nicolaimuller,nicolaimuller
andreiradu,andre
romulo,romulo
antoinebernede,antoinebernede
dimitrioberlin,dimitrioberlin
diegoreyes,diegoreyes
stephanebahoken,stephanebahoken
tudorbaluta,tudorbaluta
yacinebammou,yacinebammou
erictraore,cheicktraore
ahmedelshenawy,mohamedelshenawy
florentmollet,florentmollet
jandrei,jandrei
robertomassimo,robertomassimo
philippesandler,philippesandler
petarmicin,petarmicin
zekicelik,zekicelik
vasylkravets,vasylkravets
sikouniakate,sikouniakate
felipeavenatti,felipeavenatti
juninhobacuna,juninhobacuna
philipplienhart,philipplienhart
juniorsambia,juniorsambia
benitoraman,benitoraman
vincentpajot,vincentpajot
denialar,denialar
dujecop,dujecop
stefanoskapino,stefanoskapino
robertbauer,robertbauer
marcinkaminski,marcinkaminski
sergipalencia,sergipalencia
kevinmohwald,kevinmohwald
amatociciretti,amatociciretti
francodisanto,francodisanto
alenhalilovic,alenhalilovic
jimmybriand,jimmybriand
jakobjohansson,jakobjohansson
majeedwaris,ari
facundoroncaglia,facundoroncaglia
darwinmachis,darwinmachis
timotheekolodziejczak,timotheekolodziejczak
sanjinprcic,sanjinprcic
robertorosales,robertorosales
alexandremendy,alexandremendy
lucaspiazon,lucaspiazon
santicazorla,santicazorla
jeremypied,jeremypied
cheikhndoye,cheikhndoye
mikelvesga,mikelvesga
sheyiojo,sheyiojo
oswaldoalanis,oswaldoalanis
keananbennetts,keananbennetts
rubenvinagre,rubenvinagre
filipstuparevic,filipstuparevic
markojankovic,markojankovic
urosracic,urosracic
stipeperica,stipeperica
kensema,kensema
mehdibourabia,mehdibourabia
arthurcaike,arthur
aaronleyaiseka,aaronleyaiseka
andersdreyer,andersdreyer
simonemissiroli,simonemissiroli
abdallahelsaid,abdallahsaid
aligabr,aligabr
nehuenperez,nehuenperez
issahabass,
markflekken,markflekken
romaindelcastillo,romaindelcastillo
alvaroaguado,alvaroaguado
ibrahimasissoko,ibrahimasissoko
fabio,fabio
casimirninga,casimirninga
pascalkopke,pascalkopke
filipjagiello,filipjagieo
stivenplaza,stivenplaza
franckhonorat,franckhonorat
ludovicajorque,ludovicajorque
marcnavarro,marcnavarro
okechukwuazubuike,okechukwugodsonazubuike
fabioceravolo,fabioceravolo
vincentlaurini,vincentlaurini
recio,recio
jacopodezi,jacopodezi
bobbywood,bobbywood
takumaasano,takumaasano
afriyieacquah,afriyieacquah
rafalkurzawa,rafakurzawa
aymenbarkok,aymenbarkok
charlestraore,charlestraore
felixwiedwald,felixwiedwald
kevinstoger,kevinstoger
mariosuarez,mariosuarez
kekogontan,keko
manugarcia,manugarcia
gianluigibuffon,gianluigibuffon
lucaantonelli,lucaantonelli
jony,jony
salihucan,salihucan
josefonte,josefonte
paulbernardoni,paulbernardoni
michaelsantos,michaelsantos
serhouguirassy,serhouguirassy
theopellenard,theopellenard
leonbalogun,leonbalogun
ganso,ganso
emilianoviviano,emilianoviviano
yoanngourcuff,yoanngourcuff
roberpier,rober
jaimemata,jaimemata
xabietxeita,xabieretxeita
andreapinamonti,andreapinamonti
omarkhribin,omarkharbin
mateobarac,mateobarac
tuta,tuta
lucamazzitelli,lucamazzitelli
cristianganea,cristianganea
kennethomeruo,kennethomeruo
aliadnan,aliadnankadhim
vascoregini,vascoregini
khalidboutaib,khalidboutaib
damienletallec,damienletallec
jonathanbiabiany,jonathanbiabiany
benwilmot,benwilmot
karlangrant,karlangrant
leegrant,leegrant
lorenzocrisetig,lorenzocrisetig
nayefaguerd,nayefaguerd
runaralexrunarsson,runaralexrunarsson
josemachin,jo
hamdyfathy,ahmedfathy
joshmaja,joshmaja
cristiangalano,cristiangalano
ferjanisassi,ferjanisassi
leostulac,leostulac
mohamedmahmoud,mohamedhajmahmoud
alioubadji,alioubadji
xandesilva,xandesilva
samuelmraz,samuelmraz
nicholasopoku,nicholasopoku
andreabeghetto,andreabeghetto
harrisonmanzala,harrisonmanzala
damianmusto,damianmusto
danielarzani,danielarzani
lukakrajnc,lukakrajnc
ibrahimhassan,ibra
christophknasmullner,christophknasmullner
merihdemiral,merihdemiral
alexferrari,alexferrari
stephanlichtsteiner,stephanlichtsteiner
sebastianrode,sebastianrode
diegocontento,diegocontento
brightedomwonyi,brightedomwonyi
kenankaraman,kenankaraman
edenhazard,edenhazard
joaofelix,joaofelix
frenkiedejong,frenkiedejong
nabilfekir,nabilfekir
julianbrandt,julianbrandt
antoinegriezmann,antoinegriezmann
christianeriksen,christianeriksen
matthijsdeligt,matthijsdeligt
lucashernandez,lucashernandez
mauroicardi,mauroicardi
aaronwanbissaka,aaronwanbissaka
edermilitao,edermilitao
rodrygo,rodrygo
konstantinosmanolas,mano
wissambenyedder,wissambenyedder
pablosarabia,pablosarabia
nicolobarella,nicolobarella
juleskounde,juleskounde
hirvinglozano,hirvinglozano
joelinton,joelinton
aaronramsey,aaronramsey
thorganhazard,thorganhazard
benjaminpavard,benjaminpavard
jaspercillessen,jaspercillessen
stevenbergwijn,stevenbergwijn
adrienrabiot,adrienrabiot
alexiwobi,alexiwobi
marcosllorente,marcosllorente
reinier,reinier
daniolmo,daniolmo
matshummels,matshummels
ryansessegnon,ryansessegnon
kierantrippier,kierantrippier
ayozeperez,ayozeperez
keremdemirbay,keremdemirbay
williamsaliba,williamsaliba
idrissagueye,idrissaganagueye
ivanperisic,ivanperisic
suso,suso
santimina,santimina
patrickcutrone,patrickcutrone
yannickcarrasco,yannickcarrasco
kierantierney,kierantierney
sanderberge,sanderberge
wesleymoraes,wesleymoraes
leonardospinazzola,leonardospinazzola
jeanphilippegbamin,jeanphilippegbamin
dejankulusevski,dejankulusevski
lucastousart,lucastousart
ronylopes,ronylopes
juniorfirpo,juniorfirpo
exequielpalacios,exequielpalacios
tyronemings,tyronemings
anderherrera,anderherrera
dennispraet,dennispraet
victorosimhen,victorosimhen
adamwebster,adamwebster
gianlucamancini,gianlucamancini
hectorherrera,hectorherrera
alfonsopedraza,alfonsopedraza
jarrodbowen,jarrodbowen
amadoudiawara,amadoudiawara
edmondtapsoba,edmondtapsoba
felipe,felipe
brunoguimaraes,brunoguimaraes
renanlodi,renanlodi
raphinha,raphinha
kasperdolberg,kasperdolberg
diadiesamassekou,diadiesamassekou
joaopedro,joaopedro
carlesalena,carlesalena
alessandroflorenzi,alessandroflorenzi
sofyanamrabat,sofyanamrabat
christophernkunku,christophernkunku
davidluiz,davidluiz
chrissmalling,chrissmalling
dannyrose,dannyrose
diegogodin,diegogodin
danielpodence,danielpodence
olimcburnie,olivermcburnie
yusufyazc,yusufyazc
aurelientchouameni,aurelientchouameni
nahitannandez,nahitannandez
manuellazzari,manuellazzari
stefanosensi,stefanosensi
danieljames,danieljames
ismaelbennacer,ismaelbennacer
munasdabbur,
olivertorres,olivertorres
guillermomaripan,guillermomaripan
pedro,pedro
eljifelmas,elifelmas
alphonseareola,alphonseareola
nadiemamiri,nadiemamiri
basdost,basdost
cheadams,cheadams
philipbilling,philipbilling
leandrotrossard,leandrotrossard
angelino,angelino
moussadjenepo,moussadjenepo
matttargett,matttargett
lucasocampos,lucasocampos
diegodemme,diegodemme
alfredduncan,alfredduncan
arnautdanjuma,arnautdanjuma
nealmaupay,nealmaupay
moussadiaby,moussadiaby
youssouffofana,youssouffofana
diegocarlos,diegocarlos
keylornavas,keylornavas
alexanderisak,alexanderisak
dariobenedetto,dariobenedetto
xaverschlager,xaverschlager
fabiandelph,fabiandelph
martindegaard,martindegaard
sergioreguilon,sergioreguilon
valentinrongier,valentinrongier
gedsonfernandes,gedsonfernandes
djibrilsidibe,djibrilsidibe
lloydkelly,lloydkelly
amirrrahmani,amirrrahmani
breelembolo,breelembolo
hamedjuniortraore,hamedjuniortraore
djibrilsow,djibrilsow
ruslanmalinovskyi,ruslanmalinovskyi
ezrikonsa,ezrikonsa
alexisclaudemaurice,alexisclaudemaurice
robertskov,robertskov
ondrejduda,ondrejduda
stefanlainer,stefanlainer
stanleynsoki,stanleynsoki
nicolasdominguez,nicolasdominguez
erickpulgar,erickpulgar
pedroporro,pedroporro
odionighalo,odionighalo
thierrycorreia,thierrycorreia
iagofalque,iagofalque
luukdejong,luukdejong
takumiminamino,takumiminamino
marvelousnakamba,marvelousnakamba
tinokadewere,tinokadewere
hanneswolf,hanneswolf
tejisavanier,tejisavanier
allysamatta,
alexmoreno,alexmoreno
jacobbruunlarsen,jacobbruunlarsen
ellyesskhiri,ellyesskhiri
harrywilson,harrywilson
dannywelbeck,dannywelbeck
albianajeti,albianajeti
lysmousset,lysmousset
matiasvargas,matiasvargas
strahinjapavlovic,strahinjapavlovic
arthurzagre,arthurzagre
portu,portu
noahokafor,noahokafor
jackclarke,jackclarke
remioudin,remioudin
leoduarte,leoduarte
denisvavro,denisvavro
eddiesalcedo,eddiesalcedo
jeanmarcelin,jeanmarcelin
mahmoudtrezeguet,trezeguet
adrianembarba,adriembarba
joshbrownhill,joshbrownhill
kevinmbabu,kevinmbabu
rubenpena,rubenpena
benjaminandre,benjaminandre
gastonpereiro,gastonpereiro
timothyweah,timothyweah
leandrocabrera,leandrocabrera
fernandocalero,fernandocalero
rogerio,rogerio
tomassoucek,tomassoucek
guidorodriguez,guidorodriguez
matteodarmian,matteodarmian
geronimorulli,geronimorulli
carlesperez,carlesperez
kevinvogt,kevinvogt
kylewalkerpeters,kylewalkerpeters
adamasoumaoro,adamasoumaoro
cuchohernandez,cucho
jesusvallejo,jesusvallejo
marinpongracic,marinpongracic
anwarelghazi,anwarelghazi
youssoufkone,youssoufkone
bryangil,bryangil
giovannidilorenzo,giovannidilorenzo
marcusthuram,marcusthuram
flavientait,flavientait
edouardmendy,edouardmendy
takehirotomiyasu,takehirotomiyasu
fedorsmolov,molo
albertomoreno,albertomoreno
tomheaton,tomheaton
radekrunic,radekrunic
victormoses,victormoses
pablomari,pablomari
michaelcuisance,mickaelcuisance
rubenaguilar,rubenaguilar
josephaidoo,josephaidoo
ludovicblas,ludovicblas
sebastiaanbornauw,sebastiaanbornauw
ramybensebaini,ramybensebaini
jerrystjuste,jerrystjuste
juanmi,juanmi
jeanlucas,jeanlucas
luancandido,luancandido
niclasfullkrug,niclasfullkrug
laurentkoscielny,laurentkoscielny
andreasskovolsen,andreasskovolsen
kevindanso,kevindanso
nachomonreal,nachomonreal
andycarroll,andycarroll
garycahill,garycahill
callumrobinson,callumrobinson
javiontiveros,javierontiveros
alvarogonzalez,alvarogonzalez
francescocaputo,francescocaputo
tinjedvaj,tinjedvaj
moussawague,moussawague
pedroobiang,pedroobiang
matheusfernandes,matheusfernandes
rogerassale,rogerassale
gabrielmartinelli,gabrielmartinelli
eduardlowen,eduardlowen
radoslawmajecki,radosawmajecki
alessandrorusso,alessandrorusso
rodrigobecao,rodrigobecao
alexissaelemaekers,alexissaelemaekers
jamesjustin,jamesjustin
iago,iago
zacksteffen,zacksteffen
domagojbradaric,domagojbradaric
nemanjagudelj,nemanjagudelj
victorienangban,victorienangban
craigdawson,craigdawson
stefanodenswil,stefanodenswil
leojardim,leojardim
adrientameze,adrientameze
lisandromagallan,lisandromagallan
sadathioub,sadathioub
lukefreeman,lukefreeman
carlosgruezo,carlosgruezo
manuvallejo,manuvallejo
changhoonkwon,
gonzalovillar,gonzalovillar
jessejoronen,jessejoronen
rasmuskristensen,rasmuskristensen
emilkrafth,emilkrafth
lucapellegrini,lucapellegrini
daleysinkgraven,daleysinkgraven
danimartin,danimartin
predragrajkovic,predragrajkovic
jotapeleteiro,jo
jonathanschmid,jonathanschmid
dylanbronn,dylanbronn
jamesmccarthy,jamesmccarthy
ralffahrmann,ralffahrmann
fabiodepaoli,fabiodepaoli
raulalbiol,raulalbiol
alessandromurgia,alessandromurgia
efthymioskoulouris,efthimiskoulouris
chimyavila,
antoninbobichon,antoninbobichon
gonzalomaroni,gonzalomaroni
jonjoekenny,jonjoekenny
cristo,cristo
moigomez,moigomez
elvisrexhbecaj,elvisrexhbecaj
juanmiranda,juanmiranda
muhamedbesic,muhamedbesic
bono,stefanobonomo
musabarrow,musabarrow
alexpozo,alex
jorgedefrutos,jorgedefrutos
ryanbennett,ryanbennett
jason,jason
kevinbonifazi,kevinbonifazi
mertmuldur,mertmuldur
lennartczyborra,lennartmartenczyborra
mayayoshida,mayayoshida
darrenrandolph,darrenrandolph
renaudemond,renaudemond
lucienagoume,lucienagoume
fernando,fernando
modibosagnan,modibosagnan
leonardokoutris,leonardokoutris
vladchiriches,vladchiriches
jackstacey,jackstacey
taiwoawoniyi,taiwoawoniyi
emanuelvignato,emanuelvignato
birgerverstraete,birgerverstraete
andreaadorante,andreaadorante
rubenvargas,rubenvargas
paweljaroszynski,pawejaroszynski
mertcetin,yldrmmertcetin
sammccallum,sammccallum
dejanjoveljic,dejanjoveljic
hichamboudaoui,hichamboudaoui
laminefomba,laminefomba
kajsierhuis,kajsierhuis
boskosutalo,boskosutalo
tiagodjalo,tiagodjalo
eduexposito,eduexposito
gonzalomelero,gonzalomelero
fietearp,jannfietearp
eddygnahore,eddygnahore
florianaye,florianaye
zaydouyoussouf,zaydouyoussouf
perepons,perepons
ashleyyoung,ashleyyoung
lewisbaker,lewisbaker
mexer,mexer
enockkwateng,enockkwateng
aleixfebas,aleixfebas
lorisbenito,lorisbenito
ilijanestorovski,ilijanestorovski
franckribery,franckribery
nicogaitan,nicolasgaitan
kevinndoram,kevinndoram
jaumecosta,jaumecosta
rachidalioui,rachidalioui
benosborn,benosborn
mattclarke,matthewclarke
jeffchabot,
victorsa,victorsa
pawedawidowicz,pawedawidowicz
rubengarcia,rubengarcia
jaromirzmrhal,jaromirzmrhal
garymedel,garymedel
marcofriedl,marcofriedl
mounirchouiar,mounirchouiar
arnaudsouquet,arnaudsouquet
felixuduokhai,felix
moussakone,moussakone
adrian,adrian
yunusmall,yunusmall
valerioverre,valerioverre
sambyram,sambyram
zlatanibrahimovic,zlatanibrahimovic
claudadjapong,claudadjapong
ljubomirfejsa,ljubomirfejsa
lovrekalinic,lovrekalinic
pablomartinez,pablomartinez
chidozieawaziem,chidozieawaziem
deyverson,deyverson
kortneyhause,kortneyhause
quiquegonzalez,quique
robertandrich,robertandrich
mehdileris,mehdileris
marcuscoco,marcuscoco
dariomaresic,dariomaresic
slobodantedic,slobodantedic
fabiencentonze,fabiencentonze
reinildomandava,reinildomandava
woutfaes,woutfaes
pedrobigas,pedrobigas
igor,igor
marvinfriedrich,marvinfriedrich
albertosoro,albertosoro
robertoolabe,rober
mattiavaloti,mattiavaloti
marcosala,marcosala
jorgesaenz,jorgesaenz
lasseschone,lasseschone
sargisadamyan,sargisadamyan
peterankersen,peterankersen
stefanilsanker,stefanilsanker
brunoecuelemanga,brunoecuelemanga
erikthommy,erikthommy
adamszalai,adamszalai
filipstojkovic,filipstojkovic
lukasrupp,lukasrupp
kingsleyschindler,kingsleyschindler
rubenpardo,rubenpardo
mattiadestro,mattiadestro
darkolazovic,darkolazovic
haroldmoukoudi,haroldmoukoudi
raulnavas,raulnavas
kevinagudelo,kevinagudelo
josipdrmic,josipdrmic
kevinrodrigues,kevinrodrigues
rafasoares,rafasoares
alvarotejero,alvarotejero
nemanjaradoja,nemanjaradoja
jorgemiramon,jorgemiramon
simonskrabb,simonskrabb
ericlanini,ericlanini
nanaampomah,
baileypeacockfarrell,baileypeacockfarrell
daishawnredan,daishawnredan
mauritskjaergaard,mauritskjrgaard
mattiabani,mattiabani
emanuelecicerelli,emanuelecicerelli
domingosduarte,domingosduarte
bernardtekpetey,bernardtekpetey
lucaitter,gianlucaitter
nicholasrizzo,nicolasortiz
samueldicarmine,samueldicarmine
gastonbrugman,gastonbrugman
benjaminsesko,benjaminsesko
romariobenzar,romariobenzar
ibrahimadiallo,ibrahimadiallo
marccardona,marccardona
agustinrogel,agustinrogel
lucasdeaux,lucasdeaux
mamabalde,mamasambabalde
maximilianullmann,maximilianullmann
tonileistner,tonileistner
gennarotutino,gennarotutino
pablochavarria,pablochavarria
jackrobinson,jackrobinson
anderiturraspe,anderiturraspe
deanhenderson,deanhenderson
mortenthorsby,mortenthorsby
juansoriano,juansoriano
christianrivera,cristianrivera
paullasne,paullasne
mareksuchy,mareksuchy
patrykdziczek,patrykdziczek
camilo,camilo
ramonmierez,ramonmierez
matteolovato,matteolovato
jerdyschouten,jerdyschouten
kingsleyehizibue,kingsleyehizibue
uijohwang,jo
wooyeongjeong,
jeanricnerbellegarde,jeanricnerbellegarde
luisrioja,luisrioja
bryanokoh,bryanokoh
mehdichahiri,mehdichahiri
jeanonana,jeanonana
jacklahne,jacklahne
romainperraud,romainperraud
seppvandenberg,seppvandenberg
sidysarr,sidysarr
guglielmovicario,guglielmovicario
jeankevinduverne,jeankevinduverne
jeandofuchs,jeandofuchs
oierolazabal,oierolazabal
federicovarela,federicovarela
lukasharaslin,lukasharaslin
dedryckboyata,dedryckboyata
wilfriedkanon,wilfriedkanon
suleimanabdullahi,suleimanabdullahi
erikdurm,erikdurm
inigoruizdegalarreta,inigoruizdegalarreta
tonilato,tonilato
aleksandartrajkovski,aleksandartrajkovski
cristianzapata,cristianzapata
scottcarson,scottcarson
pervisestupinan,pervisestupinan
javisanchez,javisanchez
leonardocampana,leonardocampana
thierryambrose,thierryambrose
takefusakubo,takefusakubo
yevgenshakhov,yevhenshakhov
yassinebenrahou,yassinebenrahou
edgarmendez,edgarmendez
zinedineferhat,zinedineferhat
miguelangelguerrero,miguelangelguerrero
carlosclerc,carlosclerc
jhondercadiz,jhondercadiz
carlosfernandez,carlosfernandez
yangelherrera,yangelherrera
mohamedawad,mohamedawad
fabianpavone,fabianpavone
koyakitagawa,koyakitagawa
brunomartella,brunomartella
arturocalabresi,arturocalabresi
karloletica,karloletica
dereckkutesa,dereckkutesa
migueltrauco,migueltrauco
dongwonji,
mehdiabeid,mehdiabeid
aleksaterzic,aleksaterzic
noahsarenrenbazee,noahjoelsarenrenbazee
kaihavertz,kaihavertz
leroysane,leroysane
timowerner,timowerner
benchilwell,benchilwell
federicochiesa,federicochiesa
ferrantorres,ferrantorres
donnyvandebeek,donnyvandebeek
hakimziyech,hakimziyech
alextelles,alextelles
dominikszoboszlai,dominikszoboszlai
miralempjanic,miralempjanic
thomaspartey,thomaspartey
thiagoalcantara,thiagoalcantara
fabiosilva,fabiosilva
rodrigo,rodrigo
rubendias,rubendias
judebellingham,judebellingham
moisescaicedo,moisescaicedo
luissuarez,luissuarez
bengodfrey,bengodfrey
jonathandavid,jonathandavid
wesleyfofana,wesleyfofana
olliewatkins,olliewatkins
sandrotonali,sandrotonali
allan,allan
kevinvolland,kevinvolland
garethbale,garethbale
jeremydoku,jeremydoku
nicolorovella,nicolorovella
danilopereira,danilopereira
thomasmeunier,thomasmeunier
saidbenrahma,saidbenrahma
willian,willian
gabrielmagalhaes,gabrielmagalhaes
rhianbrewster,rhianbrewster
marashkumbulla,marashkumbulla
callumwilson,callumwilson
abdoulayedoucoure,abdoulayedoucoure
amaddiallo,amaddiallo
serginodest,serginodest
pierreemilehjbjerg,pierre
ivanrakitic,ivanrakitic
willianjose,willianjose
arkadiuszmilik,arkadiuszmilik
aaronramsdale,aaronramsdale
morgansanson,morgansanson
westonmckennie,westonmckennie
daniparejo,danielparejo
edinsoncavani,edinsoncavani
ainsleymaitlandniles,ainsleymaitlandniles
heldercosta,heldercosta
ryanfraser,ryanfraser
rayanaitnouri,rayanaitnouri
krepindiatta,krepindiatta
alekseymiranchuk,alekseimiranchuk
florentino,federicoflorentin
eberechieze,eberechieze
emilianomartinez,emilianomartinez
jamallewis,jamallewis
trincao,franciscotrincao
marcroca,marcroca
joewillock,joewillock
fikayotomori,fikayotomori
mattdoherty,mattdoherty
malangsarr,malangsarr
mattycash,mattycash
oscarrodriguez,rodri
papugomez,papugomez
wylancyprien,wylancyprien
axeldisasi,axeldisasi
konstantinostsimikas,mika
jeandanielakpaakpro,jeandanielakpaakpro
joerodon,joerodon
mohammedsalisu,mohammedsalisu
joakimmaehle,joakimmhle
gradydiangana,gradydiangana
arnemaier,arnemaier
lucasmartinezquarta,lucasmartinezquarta
brendenaaronson,brendenaaronson
vedatmuriqi,vedatmuriqi
manoloportanova,manoloportanova
oussamaidrissi,oussamaidrissi
habibdiallo,habibdiallo
davidsilva,davidsilva
maximelopez,maximelopez
heechanhwang,
marcosacuna,marcosacuna
demaraigray,demaraigray
danielerugani,danielerugani
shkodranmustafi,shkodranmustafi
anthonyknockaert,anthonyknockaert
jeremiefrimpong,jeremiefrimpong
emmanueldennis,emmanueldennis
tanguynianzou,tanguynianzou
ridlebaku,ridlebaku
karollinetty,karollinetty
dennisman,dennisman
jakubmoder,jakubmoder
joshuaking,joshuaking
baptistesantamaria,baptistesantamaria
kijanahoever,kijanahoever
sekofofana,sekofofana
morganschneiderlin,morganschneiderlin
alexandernubel,alexandernubel
jesselingard,jesselingard
bounasarr,bounasarr
adolfogaich,adolfogaich
robertopereyra,robertopereyra
jeffhendrick,jeffhendrick
adamlallana,adamlallana
valentinmihaila,valentinmihaila
manukone,manukone
adriangrbic,adriangrbic
joshuazirkzee,joshuazirkzee
maxkruse,maxkruse
caiohenrique,henrique
eliapetrelli,eliapetrelli
robsonbambu,robsonbambu
teremmoffi,teremmoffi
guustil,guustil
luishenrique,luishenrique
samlammers,samlammers
svenbotman,svenbotman
joelveltman,joelveltman
jota,jota
razvanmarin,razvanmarin
stephanelshaarawy,stephanelshaarawy
kevinlasagna,kevinlasagna
alexanderschwolow,alexanderschwolow
aminegouiri,aminegouiri
simonemuratore,simonemuratore
josecallejon,josecallejon
tomastavares,tomastavares
gregorkobel,gregorkobel
jordanlotomba,jordanlotomba
mijatgacinovic,mijatgacinovic
giacomobonaventura,giacomobonaventura
ferro,leonelferroni
maximebusi,maximebusi
sebastianandersson,sebastianandersson
kaanayhan,kaanayhan
dannydacosta,dannydacosta
facundopellistri,facundopellistri
nahuelbustos,nahuelbustos
eldorshomurodov,eldorshomurodov
mikkeldamsgaard,mikkeldamsgaard
illanmeslier,illanmeslier
harrisonreed,harrisonreed
jaydenbogle,jaydenbogle
tahithchong,tahithchong
robinknoche,robinknoche
simonsohm,simonsohm
stephymavididi,stephymavididi
ritsudoan,ritsudoan
yancouto,yancouto
jonasomlin,jonasomlin
viktorkovalenko,viktorkovalenko
diegorosa,diegorosa
vladimircoufal,vladimircoufal
ignatiusganago,ignatiusganago
luigisepe,luigisepe
shonweissman,shonweissman
michalkarbownik,michakarbownik
waldemaranton,waldemaranton
bryanreynolds,bryanreynolds
laszlobenes,laszlobenes
manusanchez,manusanchez
kevinruegg,kevinruegg
adilaouchiche,adilaouchiche
jeroenzoet,jeroenzoet
conorgallagher,conorgallagher
mergimvojvoda,mergimvojvoda
ivanmarcone,ivanmarcone
maxencelacroix,maxencelacroix
raulguti,raulguti
luismilla,luismilla
amergojak,amergojak
papeaboucisse,papeaboucisse
bartoszbialek,bartoszbiaek
gianlucascamacca,gianlucascamacca
antoniocandreva,antoniocandreva
chrisrichards,chrisrichards
vitinha,vitinha
dalestephens,dalestephens
thiagosilva,thiagosilva
jenspetterhauge,jenspetterhauge
hassanekamara,hassanekamara
aleksandrkokorin,aleksandrkokorin
facundomedina,facundomedina
ernestotorregrossa,ernestotorregrossa
issakabore,issakabore
oumarsolet,oumarsolet
koraygunter,koraygunter
rodrigobattaglia,rodrigobattaglia
deyovaisiozeefuik,deyovaisiozeefuik
wuilkerfarinez,wuilkerfarinez
tommasopobega,tommasopobega
yordanosorio,yordanosorio
omaralderete,omaralderete
andizeqiri,andizeqiri
niclaseliasson,niclaseliasson
dimitrioslimnios,dimitrislimnios
bersantcelina,bersantcelina
etiennecapoue,etiennecapoue
augustosolari,augustosolari
michelvlap,michelvlap
danielcaligiuri,danielcaligiuri
florianmuller,florianmuller
robertsnodgrass,robertsnodgrass
nathanferguson,nathanferguson
paulogazzaniga,paulogazzaniga
victormollejo,victormollejo
idrissadoumbia,idrissadoumbia
maxlowe,maxlowe
abdoulaydiaby,abdoulaydiaby
ermedindemirovic,ermedindemirovic
riccardosottil,riccardosottil
ivogrbic,ivogrbic
angelgomes,angelgomes
kikikouyate,kaiki
antoneerobinson,antoneerobinson
robertgumny,robertgumny
damiankadzior,damiankadzior
jackbutland,jackbutland
kamilglik,kamilglik
sebastianoluperto,sebastianoluperto
masayaokugawa,masayaokugawa
tobiasstrobl,tobiasstrobl
olivierntcham,olivierntcham
juansanchezmino,juansanchezmino
borjagarcia,borjagarcia
jonathanpanzo,jonathanpanzo
andrescubas,andrescubas
mbayediagne,mbayediagne
patrickburner,patrickburner
isaaclihadji,isaaclihadji
victorruiz,victorruiz
gonzaloescalante,gonzaloescalante
filipkrovinovic,filipkrovinovic
loriskarius,loriskarius
juancruz,juancruz
armandlauriente,armandlauriente
vagner,vagnerdasilva
alessandrotripaldelli,alessandrotripaldelli
jacopopetriccione,jacopopetriccione
georgioskyriakopoulos,giorgoskyriakopoulos
nikogieelmann,nikogieelmann
tosinadarabioyo,tosinadarabioyo
mikevanderhoorn,mikevanderhoorn
anthonymodeste,anthonymodeste
issiagasylla,issiagasylla
alvarogimenez,alvarogimenez
domingosquina,domingosquina
mihazajc,mihazajc
trevohchalobah,trevohchalobah
lautarovalenti,lautarovalenti
anthonymusaba,anthonymusaba
miguelbaeza,miguelbaeza
kristofferaskildsen,kristofferaskildsen
stephanediarra,stephanediarra
josepmartinez,josepmartinez
arturionita,arturionita
yvanneyou,yvanneyou
inigocordoba,inigocordoba
gabrielezappa,gabrielezappa
mickaelmalsa,mickaelmalsa
lorenzodesilvestri,lorenzodesilvestri
bendavies,bendavies
juanbrunetta,juanbrunetta
mariusbulter,mariusbulter
thomasouwejan,thomasouwejan
renatotapia,renatotapia
jeancharlescastelletto,jeancharlescastelletto
eduardohenrique,eduardohenrique
alvarovadillo,alvarovadillo
brunoamione,brunoamione
jorgecuenca,jorgecuenca
leondajaku,leondajaku
ardianismajli,ardianismajli
heritavares,va
ragnarache,ragnarache
darianmales,darianmales
lennartgrill,lennartgrill
lucakilian,lucakilian
ismailacoulibaly,soumailacoulibaly
quentinboisgard,quentinboisgard
janpaulvanhecke,janpaulvanhecke
saturninallagbe,saturninallagbe
danigomez,danigomez
nicomantl,nicomantl
thomasmonconduit,thomasmonconduit
fraserhornby,fraserhornby
saidyjanko,saidyjanko
diegolopes,diegolopes
joescally,joescally
joelpohjanpalo,joelpohjanpalo
robertglatzel,robertglatzel
samikhedira,samikhedira
nahuelmolina,nahuelmolina
johanneseggestein,johanneseggestein
aleixgarcia,aleixgarcia
anibalchala,anibalchala
aboubakarkamara,aboubakarkamara
ivorpandur,ivorpandur
cenkozkacar,cenkozkacar
stefanogori,stefanogori
lucasdacunha,lucasdacunha
markusschubert,markusschubert
felixagu,felixagu
sachaboey,sachaboey
gastonsilva,gastonsilva
aaronhickey,aaronhickey
wataruendo,wataruendo
frederikalves,fred
petarmusa,petarmusa
badrbenoun,badrbanoun
sergiocordova,sergiocordova
milosvulic,milosvulic
papegueye,papegueye
alvaronegredo,alvaronegredo
jorgemolina,jorgemolina
luisrojas,luisrojas
gabrielcharpentier,gabrielcharpentier
tommasoaugello,tommasoaugello
matteotramoni,matteotramoni
georginiorutter,georginiorutter
lazarsamardzic,lazarsamardzic
hansnicolussicaviglia,hansnicolussicaviglia
jensjonsson,jensjnsson
lilianbrassier,lilianbrassier
burakylmaz,burakylmaz
joegelhardt,joegelhardt
tiagodantas,tiagodantas
frederikwinther,frederikwinther
erikgerbi,erikgerbi
keitaendo,keitaendo
joelasoro,joelasoro
kelvinyeboah,kelvinyeboah
denisdragus,denisdragus
cedrickipre,cedrickipre
jorgepombo,jorgepombo
birgermeling,birgermeling
vedadibisevic,vedadibisevic
patrickerras,patrickerras
cedricteuchert,cedricteuchert
jongorencstankovic,jongorencstankovic
claudiobravo,claudiobravo
rafalgikiewicz,rafagikiewicz
marcaurelecaillard,marcaurelecaillard
marcelritzmaier,marcelritzmaier
jackgrealish,jackgrealish
lionelmessi,lionelmessi
benwhite,benwhite
eduardocamavinga,eduardocamavinga
memphisdepay,memphis
marcelsabitzer,marcelsabitzer
luisdiaz,luisdiaz
saulniguez,saulniguez
raphaelvarane,raphaelvarane
dayotupamecano,dayotupamecano
gianluigidonnarumma,gianluigidonnarumma
davidalaba,davidalaba
ibrahimakonate,ibrahimakonate
nunomendes,nunomendes
emilianobuendia,lian
leonbailey,leonbailey
robingosens,robingosens
anthonymartial,anthonymartial
donyellmalen,donyellmalen
patsondaka,patsondaka
rodrigodepaul,rodrigodepaul
georginiowijnaldum,georginiowijnaldum
boubakarysoumare,boubakarysoumare
tinolivramento,valentinolivramento
ilaixmoriba,ilaixmoriba
sardarazmoun,sardarazmoun
mikemaignan,mikemaignan
hectorbellerin,hectorbellerin
odilonkossounou,odilonkossounou
delealli,delealli
vitaliymykolenko,vitaliymykolenko
marcguehi,marcguehi
enockmwepu,enockmwepu
jesuscorona,jesuscorona
julianalvarez,julianalvarez
adamarmstrong,adamarmstrong
mohamedsimakan,mohamedsimakan
ericgarcia,ericgarcia
joskogvardiol,joskogvardiol
sergioaguero,sergioaguero
albertsambilokonga,albertsambilokonga
myronboadu,myronboadu
kamaldeensulemana,kamaldeensulemana
teunkoopmeiners,teunkoopmeiners
zinhovanheusden,zinhovanheusden
denzeldumfries,denzeldumfries
loicbade,loicbade
odsonneedouard,odsonneedouard
gonzalomontiel,gonzalomontiel
rafaelborre,rafaelborre
papematarsarr,papematarsarr
ricardopepi,ricardopepi
rafamir,rafamir
eriklamela,eriklamela
arthurcabral,arthurcabral
matheushenrique,matheushenrique
kristofferajer,kristofferajer
calvinstengs,calvinstengs
romainfaivre,romainfaivre
maxwelcornet,maxwelcornet
michaelolise,michaelolise
sergiooliveira,sergiooliveira
nathanpatterson,nathanpatterson
boulayedia,boulayedia
lovromajer,lovromajer
mathiasnormann,mathiasnormann
mattiazaccagni,mattiazaccagni
nathancollins,nathancollins
amadouonana,amadouonana
matiasvina,matiasvina
elseidhysaj,elseidhysaj
jonaswind,jonaswind
imranlouza,imranlouza
kaiojorge,kaiojorge
mohamedihattaren,mohammedihattaren
josipbrekalo,josipbrekalo
cedricbakambu,cedricbakambu
christostzolis,christostzolis
lukasnmecha,lukasnmecha
samuelericci,samuelericci
ruisilva,ruisilva
unailopez,unailopez
kacperkozlowski,kacperkozowski
ozantufan,ozantufan
vanderson,vanderson
abdallahsima,abdallahsima
samuelgigot,samuelgigot
yoanewissa,yoanewissa
alexkral,alexkral
frankonyeka,frankonyeka
jenscajuste,jenscajuste
mitchelbakker,mitchelbakker
moussasissoko,moussasissoko
kanginlee,
billygilmour,billygilmour
sergioramos,sergioramos
arnaudkalimuendo,arnaudkalimuendo
brandonwilliams,brandonwilliams
marcospaulo,marcospaulo
javairodilrosun,javairodilrosun
lorenmoron,lorenmoron
josejuanmacias,josejuanmacias
joshsargent,joshsargent
marcosilvestri,marcosilvestri
marcosandre,marcosandre
astervranckx,astervranckx
josesa,josesa
niklasdorsch,niklasdorsch
orbelinpineda,orbelinpineda
mickyvandeven,mickyvandeven
nunotavares,nunotavares
ivanilic,ivanilic
pierohincapie,pierohincapie
axeltuanzebe,axeltuanzebe
yusufdemir,yusufdemir
simy,
markodmitrovic,markodmitrovic
ryanbertrand,ryanbertrand
davidzima,davidzima
aissamandi,aissamandi
amineadli,amineadli
dimitriosgiannoulis,dimitrisgiannoulis
maximilianeggestein,maximilianeggestein
tonnyvilhena,tonnyvilhena
brianbrobbey,brianbrobbey
jesperlindstrm,jesperlindstrm
billalbrahimi,bilalbrahimi
edonzhegrova,edonzhegrova
matiasarezo,matiasarezo
hugosiquet,hugosiquet
marcorichter,marcorichter
denizundav,denizundav
ismailjakobs,ismailjakobs
brandonsoppy,brandonsoppy
anelahmedhodzic,anelahmedhodzic
jeanpierrensame,jeanpierrensame
jovanecabral,jovanecabral
androstownsend,androstownsend
calebekuban,calebekuban
omarrichards,omarrichards
luisabram,luisabram
kevinparedes,kevinparedes
pablorosario,pablorosario
gabrielgudmundsson,gabrielgudmundsson
gianlucabusio,gianlucabusio
javigalan,javigalan
johanvasquez,johanvasquez
luismaximiano,luismaximiano
thomashenry,thomashenry
nahueltenaglia,nahueltenaglia
kamilpiatkowski,kamilpiatkowski
silvanhefti,silvanhefti
ignacevanderbrempt,ignacevanderbrempt
francocervi,francocervi
madukaokoye,madukaokoye
metinho,metinho
kjellscherpen,kjellscherpen
yersonmosquera,yersonmosquera
samircaetano,caetano
ruantressoldi,ruan
fransergio,fransergio
azormatusiwa,azormatusiwa
melvinbard,melvinbard
nicolascapaldo,nicolascapaldo
manumorlanes,manumorlanes
renaudripart,renaudripart
santiagoarzamendia,santiagoarzamendia
conanledesma,
marcobizot,marcobizot
matijanastasic,matijanastasic
andreylunev,andre
ranikhedira,ranikhedira
lucanetz,lucanetz
martinhongla,martinhongla
tiagotomas,tiagotomas
christopherlenz,christopherlenz
beto,beto
davidraum,davidraum
arthurtheate,arthurtheate
hugoduro,hugoduro
patrickberg,patrickberg
matthewhoppe,matthewhoppe
arnorsigurdsson,arnorsigursson
janisantiste,janisantiste
markolazetic,markolazetic
luanperes,luan
connorroberts,connorroberts
ridgecianohaps,ridgecianohaps
myrtouzuni,myrtouzuni
abdoulayetoure,abdoulayetoure
silvanwidmer,silvanwidmer
matteocancellieri,matteocancellieri
rokosimic,rokosimic
ibrahimakone,ibrahimakone
konraddelafuente,konraddelafuente
edindzeko,edindzeko
georgebello,georgebello
robertopiccoli,robertopiccoli
xavierchavalerin,xavierchavalerin
alvarofernandez,alvarofernandez
monchu,monchu
vladyslavsupryaga,vladyslavsupriaha
floriankruger,floriankruger
ebrimacolley,ebrimacolley
kristijanjakic,kristijanjakic
alberthelis,alberthelis
adrianfein,adrianfein
riccardocalafiori,riccardocalafiori
josuhaguilavogui,josuhaguilavogui
timotheepembele,timotheepembele
lucamoro,lucamoro
mortenfrendrup,mortenfrendrup
tannertessmann,tannertessmann
kelvinamian,kelvinamian
wahidfaghir,wahidfaghir
chiquinho,chiquinho
moritzjenz,moritzjenz
dimitriosnikolaou,dimitrisnikolaou
doganalemdar,doganalemdar
tymoteuszpuchacz,tymoteuszpuchacz
gerzinonyamsi,gerzinonyamsi
abdouharroui,abdouharroui
juniormessias,juniormessias
marcusingvartsen,marcusingvartsen
cedricitten,cedricitten
lorenzomontipo,lorenzomontipo
ikeugbo,ikeugbo
radudragusin,radudragusin
michelaebischer,michelaebischer
youssouphbadji,youssouphbadji
densokasius,densokasius
jurgenekkelenkamp,jurgenekkelenkamp
giorgimamardashvili,giorgimamardashvili
dimitrijekamenovic,dimitrijekamenovic
pablogaldames,pablo
oliverchristensen,oliverchristensen
yaserasprilla,yaserasprilla
kaorumitoma,kaorumitoma
martinerlic,martinerlic
frangarcia,frangarcia
cadenclark,cadenclark
albertgudmundsson,albertgumundsson
robinhack,robinhack
gersonrodrigues,gersonrodrigues
ansgarknauff,ansgarknauff
dejanljubicic,dejanljubicic
jaesunglee,
timobaumgartl,timobaumgartl
armandobroja,armandobroja
angelrodriguez,angelrodriguez
fernino,nino
leostigard,leo
justinche,justinche
ashleyfletcher,ashleyfletcher
pierreyveshamel,pierreyveshamel
rubenalcaraz,rubenalcaraz
alexcollado,alexcollado
kikegarcia,garcia
davidokereke,davidokereke
abduconte,abduconte
zidansertdemir,zidansertdemir
svenmichel,svenmichel
rominiguekouame,rominiguekouame
igorsilva,silva
antonstach,antonstach
chrisfuhrich,chrisfuhrich
dominikgreif,dominikgreif
falicande,falicande
giulianbiancone,giulianbiancone
burakince,burakince
jereuronen,jereuronen
njegospetrovic,njegospetrovic
thiagogalhardo,thiagogalhardo
ignacioramirez,ignacio
falayesacko,falayesacko
gianlucafrabotta,gianlucafrabotta
gideonmensah,gideonmensah
levinoztunali,levinoztunal
pawelwszolek,pawewszoek
didierlamkelze,didierlamkelze
lucaranieri,lucaranieri
angelostiller,angelostiller
marcusbettinelli,marcusbettinelli
osmanbukari,osmanbukari
mamadouloum,mamadouloum
martinsatriano,martinsatriano
sergioescudero,sergioescudero
kristofferklaesson,kristofferklaesson
mitchellvanbergen,mitchellvanbergen
przemyslawfrankowski,przemysawfrankowski
adriansemper,adriansemper
davidstrelec,davidstrelec
liamhenderson,liamhenderson
radamelfalcao,radamelfalcao
alessandrovogliacco,alessandrovogliacco
riccardogagliolo,riccardogagliolo
stiangregersen,stianrodegregersen
albertopaleari,albertopaleari
bendeguzbolla,bendeguzbolla
austontrusty,austontrusty
tomasalarcon,tomasalarcon
emanuelaiwu,emanuelaiwum
leosena,leosena
bryanlasme,bryanlasme
jeremydudziak,jeremydudziak
sofiankiyine,sofiankiyine
janniserra,janniserra
nickviergever,nickviergever
sebastianvasiliadis,sebastianvasiliadis
omarmarmoush,omarmarmoush
pauljaeckel,pauljaeckel
giovannigonzalez,giovannigonzalez
aminebassi,aminebassi
matteoruggeri,matteoruggeri
sofianealakouch,sofianealakouch
martinmerquelanz,martinmerquelanz
fedesanemeterio,fedesanemeterio
enzoroco,enzoroco
uribusquets,oriolbusquets
rasmushjlund,rasmushjlund
stefanosabelli,stefanosabelli
naouirouahamada,naouirouahamada
danielebaselli,danielebaselli
eraycomert,eraycomert
deivermachado,deivermachado
mikael,mikael
timohubers,timohubers
dorperetz,dorperetz
lucasperrin,lucasperrin
yasserlarouci,yasserlarouci
enzomillot,enzomillot
andreasvoglsammer,andreasvoglsammer
walidelkarti,
andrasschafer,andrasschafer
miguelllambrich,miguel
federicogatti,federicogatti
ismaeldoukoure,ismaeldoukoure
karolfila,karolfila
mylespeartharris,mylespeartharris
mamadousylla,mamadousylla
patrickwimmer,patrickwimmer
andresandrade,andre
afimicopululu,afimicopululu
alessandroschopf,alessandroschopf
andersonniangbo,andersongniangbo
antony,antony
mykhaylomudryk,mykhailomudryk
sadiomane,sadiomane
codygakpo,codygakpo
darwinnunez,darwinnunez
gabrieljesus,gabrieljesus
carlossoler,carlossoler
enzofernandez,enzofernandez
casemiro,casemiro
raheemsterling,raheemsterling
lisandromartinez,lisandromartinez
kalvinphillips,kalvinphillips
paulpogba,paulpogba
anthonygordon,anthonygordon
matheusnunes,matheusnunes
fabiovieira,fabiovieira
robertlewandowski,robertlewandowski
benoitbadiashile,benoitbadiashile
charlesdeketelaere,charlesdeketelaere
kalidoukoulibaly,kalidoukoulibaly
oleksandrzinchenko,oleksandrzinchenko
nonimadueke,nonimadueke
paulodybala,paulodybala
andreaschristensen,andreaschristensen
ryangravenberch,ryangravenberch
nicoschlotterbeck,nicoschlotterbeck
malogusto,malogusto
morgangibbswhite,morgangibbswhite
giacomoraspadori,giacomoraspadori
luissinisterra,luissinisterra
sasakalajdzic,sasakalajdzic
tete,tete
callumhudsonodoi,callumhudsonodoi
hugoekitike,hugoekitike
mohamedcamara,mohamedcamara
joaopalhinha,joaopalhinha
conorcoady,conorcoady
cheickdoucoure,cheickdoucoure
sofianediop,sofianediop
viktortsygankov,viktortsyhankov
jamestarkowski,jamestarkowski
boubacarkamara,boubacarkamara
ilyazabarnyi,illiazabarnyi
romeolavia,romeolavia
julianweigl,julianweigl
necowilliams,necowilliams
adamhlozek,adamhlozek
remofreuler,remofreuler
andreabelotti,andreabelotti
noussairmazraoui,noussairmazraoui
joaogomes,joaogomes
paulonuachu,paulonuachu
dwightmcneil,dwightmcneil
braismendez,braismendez
keanelewispotter,keanelewispotter
destinyudogie,destinyudogie
carneychukwuemeka,carneychukwuemeka
harrysouttar,harrysouttar
marcossenesi,marcossenesi
jhonduran,jhonduran
tyrellmalacia,tyrellmalacia
chancelmbemba,chancelmbemba
alessioromagnoli,alessioromagnoli
mathiasolivera,mathiasolivera
randalkolomuani,randalkolomuani
luizfelipe,luizfelipe
khvichakvaratskhelia,khvichakvaratskhelia
mohamedalicho,mohamedalicho
nickpope,nickpope
azzedineounahi,azzedineounahi
harrywinks,harrywinks
cesarecasadei,cesarecasadei
djedspence,djedspence
minjaekim,
jonathanclauss,jonathanclauss
gavinbazunu,gavinbazunu
mohamedbayo,moha
lucasgournadouath,lucasgournadouath
andreysantos,andreysantos
victorkristiansen,victorbernthkristiansen
marcao,marcao
carlosalcaraz,carlosalcaraz
mattiaviti,mattiaviti
salihozcan,salihozcan
jrgenstrandlarsen,jrgenstrandlarsen
agustinalvarez,agustinalvarezmartinez
luizhenrique,luizhenrique
fabiocarvalho,fabiocarvalho
alexisbekabeka,alexisbekabeka
daviddatrofofana,daviddatrofofana
angelofulgini,angelofulgini
kevinschade,kevinschade
andreonana,andreonana
gustavoscarpa,gustavoscarpa
samjohnstone,samjohnstone
tatycastellanos,janos
julioenciso,julioenciso
marcosalonso,marcosalonso
angeldimaria,angeldimaria
marcustavernier,marcustavernier
youssoufndayishimiye,youssoufndayishimiye
maximoperrone,maximoperrone
aminsarr,aminsarr
madycamara,amadycamara
antoinesemenyo,antoinesemenyo
dangoouattara,dangoouattara
armelbellakotchap,armelbellakotchap
junyaito,junyaito
nicolastagliafico,nicolastagliafico
flynndownes,flynndownes
jamesgarner,jamesgarner
jakubkaminski,jakubkaminski
jeffinho,jeffinho
joearibo,joearibo
mislavorsic,mislavorsic
wilfriedgnonto,wilfriedgnonto
mariogotze,mariogotze
stefanposch,stefanposch
kristjanasllani,kristjanasllani
alessiocragno,alessiocragno
christopherwooh,christopherwooh
andreacolpani,andreacolpani
jhonlucumi,jhonlucumi
adambuksa,adambuksa
nikolamoro,nikolamoro
lewisobrien,lewisobrien
gabrielslonina,gabriel
yannsommer,yannsommer
josipjuranovic,josipjuranovic
facundobuonanotte,facundobuonanotte
unainunez,unainunez
malickthiaw,malickthiaw
nathanngoumou,nathanngoumou
julienduranville,julienduranville
giuliomaggiore,giuliomaggiore
jakubkiwior,jakubkiwior
cesarmontes,cesarmontes
andrealmeida,andrealmeida
elbilaltoure,elbilaltoure
abner,abner
kaiky,kaiky
flaviusdaniliuc,flaviusdaniliuc
simonadingra,simonadingra
marcosantonio,marcosantonio
bambadieng,bambadieng
jordanlarsson,jordanlarsson
marcocarnesecchi,marcocarnesecchi
nedimbajrami,nedimbajrami
loisopenda,loisopenda
abdeezzalzouli,abdeezzalzouli
joaovictor,joaovictor
nicolocasale,nicolocasale
julianryerson,julianryerson
isco,isco
lazaro,lazaro
samuellino,samuellino
bartolfranjic,bartolfranjic
grischapromel,grischapromel
perrschuurs,perrschuurs
oscargloukh,oscargloukh
jonjoshelvey,jonjoshelvey
matheusmartins,matheusmartins
raoulbellanova,raoulbellanova
marquinhos,marquinhos
theobongonda,theobongonda
diogoleite,diogoleite
anthonycaci,anthonycaci
colindagba,colindagba
jackstephens,jackstephens
thomasstrakosha,thomasstrakosha
savinho,savio
ibrahimsalah,ibrahimsalah
dionbeljo,jo
selimamallah,selimamallah
niklasstark,niklasstark
cyrieldessers,cyrieldessers
mostafamohamed,mostafamohamed
gonzaloplata,gonzaloplata
felixafenagyan,felixafenagyan
mariogila,mariogila
miguelgutierrez,miguelgutierrez
daleyblind,daleyblind
filipuremovic,filipuremovic
bartlomiejdragowski,bartomiejdragowski
ericbailly,ericbailly
mergimberisha,mergimberisha
philippmax,philippmax
stefanortega,stefanortega
oscarmingueza,oscarmingueza
darkogyabi,darkogyabi
cylelarin,cylelarin
harisseferovic,harisseferovic
mahdicamara,mahdicamara
mattturner,mattturner
joelmvuka,joelmvuka
kristianthorstvedt,kristianthorstvedt
isaaktoure,isaac
williotswedberg,williotswedberg
oriolromeu,oriolromeu
andreacambiaso,andreacambiaso
wilfriedkanga,wilfriedkanga
salisabdulsamed,salisabdulsamed
calvinramsay,calvinramsay
koitakura,koitakura
pablotorre,pablotorre
bricesamba,bricesamba
johannlepenant,johannlepenant
maximleitsch,maximleitsch
rogermarti,rogermarti
andreacarboni,andreacarboni
jackhendry,jackhendry
jimmycabot,jimmycabot
nicolascozza,nicolascozza
oliverabildgaard,oliverabildgaard
juniordinaebimbe,juniordinaebimbe
madsbechsrensen,madsbechsrensen
amospieper,amospieper
nathanaelmbuku,nathanaelmbuku
shaneduffy,shaneduffy
levicolwill,levicolwill
joseangelcarmona,angel
antonioblanco,antonioblanco
fernandopacheco,fernandopacheco
emirhanilkhan,emirhanilkhan
amarfatah,
danielkofikyereh,daniel
jamieleweling,jamieleweling
federicogattoni,federicogattoni
christopherjullien,christopherjullien
paxtenaaronson,paxtenaaronson
youssefmaleh,youssefmaleh
hirokiito,hirokiito
michaelfrey,michaelfrey
vinisouza,souza
veljkobirmancevic,veljkobirmancevic
enzoebosse,enzoebosse
alanvirginius,alanvirginius
yasinayari,yasinayari
jensstage,jensstage
jakabijol,jakabijol
nicolasfernandezmercau,nicolas
emilbohinen,emilbohinen
aissalaidouni,aissalaidouni
agustinmarchesin,agustinmarchesin
kasperschmeichel,kasperschmeichel
tomkrau,tomkrau
ivansunjic,ivansunjic
danilhodoekhi,danilhodoekhi
sergioasenjo,sergioasenjo
erikbotheim,erikbotheim
eduardoquaresma,eduardoquaresma
arnaudnordin,arnaudnordin
alessandrozanoli,alessandrozanoli
akimzedadka,akimzedadka
folarinbalogun,folarinbalogun
joseluismorales,joseluismorales
jaimeseoane,jaimeseoane
charlespickel,charlespickel
joshavagnoman,joshavagnoman
valentinantov,valentinantov
micheledigregorio,micheledigregorio
jacksonporozo,jacksonporozo
marinljubicic,marinljubicic
andreashancheolsen,andreashancheolsen
karimkonate,karimkonate
markomilovanovic,markomilovanovic
ivanprovedel,ivanprovedel
adrienhunou,adrienhunou
dejanlovren,dejanlovren
rodrigozalazar,rodrigozalazar
janikhaberer,janikhaberer
festyebosele,festyebosele
olasolbakken,olasolbakken
leebuchanan,leebuchanan
joerothwell,joerothwell
ismaily,ismaily
bradleylocko,bradleylocko
lorenzocolombo,lorenzocolombo
ibrahimaniane,ibrahimaniane
harrisonashby,harrisonashby
emanuelemegha,emanuelemegha
cedricbrunner,cedricbrunner
sekoumara,sekoumara
liberatocacace,liberatocacace
joshdoig,joshdoig
bafodediakite,bafodediakite
lucazanimacchia,lucazanimacchia
josegragera,josegragera
hrvojesmolcic,hrvojesmolcic
eduardsobol,eduardsobol
thiernobalde,thiernobalde
lucavalzania,lucavalzania
guiguedes,guiguedes
ericmartel,ericmartel
petarstojanovic,petarstojanovic
julenlobete,julenlobete
cedrichountondji,cedrichountondji
abdulmumin,abdulmumin
noahmbamba,noahmbamba
ederbalanta,alan
jamesbree,jamesbree
ajdinhrustic,ajdinhrustic
kristianpedersen,kristianpedersen
aureliobuta,aureliobuta
kevenschlotterbeck,kevenschlotterbeck
matthisabline,matthisabline
rubenblanco,rubenblanco
sergiocamello,sergiocamello
evannguessand,evannguessand
wladimirofalcone,wladimirofalcone
fabrizioangileri,fabrizioangileri
houboulangmendes,houboulangmendes
merlinrohl,merlinrohl
lucapfeiffer,lucapfeiffer
yoanncathline,yoanncathline
emmanuelagbadou,emmanuelagbadou
diegovalencia,diegovalencia
thijsdallinga,thijsdallinga
achrafdari,achrafdari
assanceesay,assanceesay
alexistibidi,alexistibidi
kilianfischer,kilianfischer
saidhamulic,saidhamulic
harrytoffolo,harrytoffolo
williambving,william
samuelebirindelli,samuelebirindelli
raimondskrollis,raimondskrollis
victorchust,victorchust
irvincardona,irvincardona
javihernandez,javihernandez
randynteka,randynteka
leogreiml,leogreiml
philippforster,philippforster
elishaowusu,elishaowusu
sandilovric,sandilovric
sirikidembele,sirikidembele
aitorfernandez,aitorfernandez
brianolivan,brianolivan
josecarloslazo,josecarloslazo
finnolebecker,finnolebecker
gedeonkalulu,gedeonkalulu
benmee,benmee
yanvalery,yanvalery
mathiaspereiralage,mathiaspereiralage
tonivilla,tonivilla
juanjoseperea,jo
julienlecardinal,julienlecardinal
joshbowler,joshbowler
ousmanecamara,ousmanecamara
sebastianpolter,sebastianpolter
milospantovic,milospantovic
konidewinter,konidewinter
lorenzopirola,lorenzopirola
kristijanbistrovic,kristijanbistrovic
paulseguin,paulseguin
oscarfraulo,oscarfraulo
delanoburgzorg,delanoburgzorg
jessicngankam,jessicngankam
mathystel,mathystel
emilkonradsenceide,
gustavopuerta,gustavopuerta
zakariaaboukhlal,zakariaaboukhlal
lewisferguson,lewisferguson
amirrichardson,amirrichardson
giacomoquagliata,giacomoquagliata
mateuszpraszelik,mateuszpraszelik
leonardobuta,leonardobuta
marcinbulka,marcinbuka
boubacartraore,boubacartraore
lameckbanda,lameckbanda
alexsandro,alexsandro
riccardociervo,riccardociervo
rayanraveloson,rayanraveloson
andreasbruus,andreasbruus
brianocampo,brianocampo
srdjanbabic,sranbabic
tommasomilanese,tommasomilanese
nicolocambiaghi,nicolocambiaghi
samuelumtiti,samuelumtiti
paologhiglione,paologhiglione
mosesusor,mosesusor
maximeleverbe,maximeleverbe
milesvilar,milesvilar
philipphofmann,philipphofmann
gabrielsuazo,gabrielsuazo
fraserforster,fraserforster
salvisanchez,salvi
robertzulj,robertzulj
thomasdelaine,thomasdelaine
papandiagayade,papandiagayade
pietroceccaroni,pietroceccaroni
moussadjitte,moussadjitte
mihablazic,mihablazic
yahiafofana,yahiafofana
danielmaldini,danielmaldini
jeremiebela,jeremiebela
goncaloramos,goncaloramos
masonmount,masonmount
manuelugarte,manuel
brennanjohnson,brennanjohnson
declanrice,declanrice
harrykane,harrykane
pautorres,pautorres
mohammedkudus,mohammedkudus
vitorroque,vitorroque
colepalmer,colepalmer
bradleybarcola,bradleybarcola
harveybarnes,harveybarnes
jurrientimber,jurrientimber
xavisimons,xavisimons
jameswardprowse,jameswardprowse
ibrahimsangare,ibrahimsangare
ansufati,ansufati
edsonalvarez,edsonalvarez
nicolasjackson,nicolasjackson
elyewahi,elyewahi
felixnmecha,felixnmecha
arthurvermeeren,arthurvermeeren
davidraya,davidraya
lesleyugochukwu,lesleyugochukwu
castellolukeba,castellolukeba
carlosbaleba,carlosbaleba
christophbaumgartner,christophbaumgartner
samuelchukwueze,samuelchukwueze
alejandrogrimaldo,alejandro
davidefrattesi,davidefrattesi
marcoasensio,marcoasensio
alexscott,alexscott
nathantella,nathantella
calvinbassey,calvinbassey
robertsanchez,robertsanchez
cameronarcher,cameronarcher
enzolefee,enzolefee
lucasberaldo,lucasberaldo
abakarsylla,abakarsylla
bartverbruggen,bartverbruggen
nicolasseiwald,nicolasseiwald
granitxhaka,granitxhaka
adamwharton,adamwharton
ardaguler,ardaguler
gabrielmoscardo,gabrielmoscardo
matheusfranca,matheusfranca
ianmaatsen,ianmaatsen
ilkaygundogan,ilkaygundogan
cyrilngonge,cyrilngonge
anthonyelanga,anthonyelanga
ilimanndiaye,ilimanndiaye
giovannireyna,giovanni
raphaelguerreiro,raphaelguerreiro
zekiamdouni,zekiamdouni
yunusmusah,yunusmusah
manorsolomon,manorsolomon
miloskerkez,miloskerkez
jamestrafford,jamestrafford
jesperkarlsson,jesperkarlsson
gustavohamer,gustavohamer
deividwashington,deividwashington
mateoretegui,mateoretegui
benbreretondiaz,benbrereton
alejoveliz,alejoveliz
angelo,angelo
giftorban,giftorban
djordjepetrovic,jo
jordanbeyer,jordanbeyer
maxaarons,maxaarons
odysseasvlachodimos,odisseasvlachodimos
fabianrieder,fabianrieder
hakonarnarharaldsson,hakonarnarharaldsson
elchadaillebitshiabu,elchadaillebitshiabu
tommasobaldanzi,tommasobaldanzi
carlosaugusto,carlosaugusto
arsenzakharyan,arsenzakharyan
artemdovbyk,artemdovbyk
miketresor,miketresor
attilaszalai,attilaszalai
tijjanireijnders,tijjanireijnders
valentinbarco,valentinbarco
chermiti,youssefchermiti
victorboniface,victorboniface
willianpacho,willianpacho
jonashofmann,jonashofmann
houssemaouar,houssemaouar
andrewomobamidele,andrewomobamidele
claudioecheverri,claudioecheverri
lucasbeltran,lucasbeltran
santiagobueno,santiagobueno
murillo,murillo
wilsonodobert,wilsonodobert
mohameddaramy,mohammeddaramy
wilfriedsingo,wilfriedsingo
gustavisaksen,gustavisaksen
anastasiosdouvikas,anastasiosdouvikas
keitonakamura,keitonakamura
sheraldobecker,sheraldobecker
josipstanisic,josipstanisic
lukethomas,lukethomas
hannibal,hannibalmejbri
bryanzaragoza,bryanzaragoza
ericdier,ericdier
jamesmcatee,jamesmcatee
aliduseidu,aliduseidu
tomascvancara,tomascvancara
altaybayndr,altaybayndr
fareschaibi,fareschaibi
quentinmerlin,quentinmerlin
dilanebakwa,dilanebakwa
danielmunoz,danielmunoz
brenner,brenner
fabianoparisi,fabianoparisi
juniormwanga,juniormwanga
natan,natan
anthonyrouault,anthonyrouault
dalerkuzyaev,dalerkuzyaev
calebokoli,calebokoli
lewishall,lewishall
lorenzassignon,lorenzassignon
aureleamenda,aureleamenda
morganrogers,morganrogers
nathanredmond,nathanredmond
hugolarsson,hugolarsson
edgargonzalez,edgargonzalez
andonigorosabel,andonigorosabel
sergicanos,sergicanos
isakhien,isakhien
ryangiles,gil
tomdavies,tomdavies
malickfofana,malickfofana
philippkohn,philippkohn
farismoumbagna,ari
mbalanzola,mbalanzola
jeanmatteobahoya,jeanmatteobahoya
vaclavcerny,vaclavcerny
yankubaminteh,yankubaminteh
tajonbuchanan,tajonbuchanan
junioradamu,junioradamu
adryelson,adryelson
sergioakieme,sergioakieme
lucasperri,lucasperri
robholding,robholding
davidjurasek,davidjurasek
georgesmikautadze,georgesmikautadze
alejandrocatena,alejandro
nielsnkounkou,nielsnkounkou
formosemendy,formosemendy
cristianvolpato,cristianvolpato
daraoshea,daraoshea
kostanedeljkovic,
walidcheddira,walidcheddira
yannbisseck,yannaurelbisseck
santiagocastro,santiagocastro
santicomesana,santicomesana
andydiouf,andydiouf
arthur,arthur
eliacaprile,eliacaprile
marcuspedersen,marcuspedersen
japhettanganga,japhettanganga
christiankabasele,christiankabasele
tommydoyle,tommydoyle
maximeesteve,maximeesteve
chrislainmatsima,chrislainmatsima
alvarocarreras,alvarocarreras
tiagosantos,tiagosantos
dionlopy,dionlopy
simonebastoni,simonebastoni
samuaghehowa,samu
madsbidstrup,madsbidstrup
ensogonzalez,ensogonzalez
carlstarfelt,carlstarfelt
johnnycardoso,johnnycardoso
sergioarribas,sergioarribas
jhonsolis,jhonsolis
giovannifabbian,giovannifabbian
adson,adson
jacobbrown,jacobbrown
badredinebouanani,badredinebouanani
pepbiel,pepbiel
karolswiderski,karolswiderski
miguelcrespo,crespo
stijnspierings,stijnspierings
jordanzemura,jordanzemura
augustobatalla,augustobatalla
douglasaugusto,augusto
ernestnuamah,ernestnuamah
brunomendez,brunomendez
cedriczesiger,cedriczesiger
bertugyldrm,bertugyldrm
teddyteuma,teddyteuma
matejkovar,matejkovar
petarratkov,petarratkov
mohamedbamba,mohamedbamba
mateuszwieteska,mateuszwieteska
marcpubill,marcpubill
danielperetz,danielperetz
clintonmata,clintonmata
pepelu,pepe
matteoprati,matteoprati
miloslukovic,milosveljkovic
michaelobafemi,michaelobafemi
emilholm,emilholm
gastonalvarez,gastonalvarez
samucosta,samucosta
lorenzolucca,lorenzolucca
cesarazpilicueta,cesarazpilicueta
oscarestupinan,oscarestupinan
adriapedrosa,adriapedrosa
romanyaremchuk,romanyaremchuk
matteogabbia,matteogabbia
masonholgate,masonholgate
valentinrosier,valentinrosier
arnautenas,arnautenas
jonkarrikaburu,jonkarrikaburu
hannoahmassengo,hannoahmassengo
valentincarboni,valentincarboni
masongreenwood,masongreenwood
sambeukema,sambeukema
oscarcortes,oscarcortes
akoradams,akoradams
yorbevertessen,yorbevertessen
benietraore,benietraore
samuelemulattieri,samuelemulattieri
filippoterracciano,filippoterracciano
arondnnum,arondnnum
tadeoallende,tadeoallende
yunusemrekonak,yunusemrekonak
shamarnicholson,shamarnicholson
kikeperez,kikeperez
stefanoturati,stefanoturati
andypelmard,andypelmard
josephokumu,josephokumu
raulgarcia,raulgarcia
gianlucagaetano,gianlucagaetano
morganguilavogui,morganguilavogui
skellyalvero,skellyalvero
aiyeguntosin,
ibrahimsulemana,ibrahimsulemana
olivierdeman,olivierdeman
ulissesgarcia,ulissesgarcia
hendryblank,hendryblank
ignaciomiramon,ignaciomiramon
aminesalama,aminesalama
pasqualemazzocchi,pasqualemazzocchi
siebevanderheyden,siebevanderheyden
sennelynen,sennelynen
kevinbehrens,kevinbehrens
ramonterrats,ramonterrats
pantelishatzidiakos,pantelishatzidiakos
rassoulndiaye,rassoulndiaye
berkankutlu,berkankutlu
matiassoule,matiassoule
nikolakrstovic,nikolakrstovic
andrejilic,andrejilic
maximilianocaufriez,maximilianocaufriez
danndoye,danndoye
danielboloca,danielboloca
marcopellegrino,marcopellegrino
madsandersen,sander
saidousow,saidousow
cristiancasseresjr,cristiancasseresjr
martinpayero,martinpayero
paulakouokou,paulakouokou
timbreithaupt,timbreithaupt
tomholmes,tomholmes
alfonsoespino,alfonsoespino
julianaraujo,julianaraujo
alessiozerbin,alessiozerbin
gerardgumbau,gerardgumbau
ahmedtouba,ahmedtouba
mihajloilic,
tijjaninoslin,tijjaninoslin
mateuszlegowski,mateuszegowski
elionefernandesneto,elionefernandesneto
ibrahimcissoko,ibrahimcissoko
nathanielbrown,nathanielbrown
loumtchaouna,loumtchaouna
adamdaghim,adamdaghim
carlosdotor,carlosdotor
mohamedkaba,mohamedkaba
hannesdelcroix,hannesdelcroix
adrianmazilu,adrianmazilu
ginoinfantino,ginoinfantino
tiagomorais,rai
lucakoleosho,lucakoleosho
hakonrafnvaldimarsson,hakonrafnvaldimarsson
amirmurillo,michaelamirmurillo
keinandavis,keinandavis
chrisbedia,chrisbedia
sabasazonov,sabasazonov
ivanmartin,ivanmartin
mihailoristic,mihailoristic
phillippmwene,phillippmwene
leonidasstergiou,leonidasstergiou
lukaromero,lukaromero
patricpfeiffer,patricpfeiffer
giorgiocittadini,giorgiocittadini
oierzarraga,oierzarraga
rodrigoribeiro,rodrigoribeiro
iliasakhomach,iliasakhomach
alexsola,alexsola
beciromeragic,beciromeragic
robertnavarro,robertonavarro
iddrisubaba,iddrisubaba
thomaskaminski,thomaskaminski
diegomoreira,diegomoreira
lautarogiannetti,lautarogianetti
shavybabicka,shavybabicka
nicoloturco,
anisslimane,lima
dembaseck,dembaseck
seedyjatta,seedyjatta
santiagomourino,santiagomourino
mikkelkaufmann,mikkelkaufmann
philliptietz,philliptietz
emamashour,emamashour
davidankeye,david
mattiaaramu,mattiaaramu
niklasschmidt,niklasschmidt
horatiumoldovan,va
georgepuscas,georgepuscas
kevinvandenkerkhof,kevinvandenkerkhof
yanngboho,yanngboho
alioubalde,alioubadji
rafaelfernandes,rafaelfernandes
szymonwlodarczyk,szymonwodarczyk
oumardiakite,oumardiakite
filippomissori,filippomissori
anderguevara,anderguevara
santiagopierotti,santiagopierotti
florentmuslija,florentmuslija
bamomeite,bamomeite
deanhuijsen,deanhuijsen
michaelfolorunsho,michaelfolorunsho
faridealidou,faridealidou
jacobchristensen,jacobchristensen
finndahmen,finndahmen
nerayshokasanwirjo,nerayshokasanwirjo
nachovidal,nachovidal
mousatamari,ari
giulianosimeone,giulianosimeone
bilalboutobba,bilalboutobba
kamorydoumbia,kamorydoumbia
kamiljozwiak,kamiljozwiak
panoskatseris,panoskatseris
emanuelevaleri,emanuelevaleri
ashleyphillips,ashleyphillips
matusbero,matusbero
christophklarer,christophklarer
redaslim,
ivancavaleiro,ivancavaleiro
fabiochiarodia,fabiochiarodia
julianmalatini,julianmalatini
sergialtimira,sergialtimira
etiennecamara,etiennecamara
benedicthollerbach,benedicthollerbach
kassoumouattara,kassoumouattara
douglasmendes,douglasmendes
frankmagri,frankmagri
laminediack,laminediack
daikihashioka,daikihashioka
simonescuffet,simonescuffet
milandjuric,milanuric
maksymtaloverov,maksymtalovierov
emmanuelgyasi,emmanuelgyasi
marvinpieringer,marvinpieringer
danisilva,silva
danicardenas,cardenas
tomassuslov,tomassuslov
maximilianmittelstadt,maximilianmittelstadt
maximilianwittek,maximilianwittek
agustinmartegani,agustinmartegani
