ID,fifa_name
neymar,neymardasilvasantosjunior
ousmanedembele,ousmanedembele
virgilvandijk,virgilvandijk
alvaromorata,
pierreemerickaubameyang,
benjaminmendy,benjaminmendy
kylewalker,kylewalker
jamesrodriguez,jayrodriguez
leonardobonucci,leonardobonucci
mohamedsalah,mohammedsalah
corentintolisso,corentintolisso
ederson,edersonsantanademoraes
tiemouebakayoko,tiemouebakayoko
philippecoutinho,philippecoutinhocorreia
romelulukaku,romelulukakumenama
alexissanchez,eryinalexissanhuezamora
aymericlaporte,aymericlaporte
diegocosta,diegososa
alexandrelacazette,alexandrelacazette
bernardosilva,bernardosilvaconceicao
gylfisigurdsson,gylfiorsigursson
nemanjamatic,nemanjamatic
davinsonsanchez,davinsonsanchezmina
paulinho,mariojorgemalicopaulino
federicobernardeschi,federicobernardeschi
andresilva,marceloandressilvafernandez
dannydrinkwater,danielnoeldrinkwater
vitolo,gladwinshitolo
victorlindelof,
kylianmbappe,kylianmbappelottin
inigomartinez,inigomartinezberridi
keitabalde,keitabaldediao
blaisematuidi,blaisematuidi
jordanpickford,jordanpickford
lucasmoura,lucamora
kelechiiheanacho,kelechipromiseiheanacho
joaomario,joaomarionavaldacostaeduardo
alexoxladechamberlain,alexoxladechamberlain
nelsonsemedo,nelsoncabralsemedo
antoniorudiger,antoniorudiger
henrikhmkhitaryan,henrikhmkhitaryan
milanskriniar,milanskriniar
alessandrobastoni,alessandrobastoni
danilo,elieserdanilobaldeirolopes
douglascosta,douglascostadesouza
michaelkeane,michaelkeane
mamadousakho,mamadousakho
davyklaassen,davyklaassen
andriyyarmolenko,andriyyarmolenko
youritielemans,youritielemans
adriensilva,adrieldasilva
juancuadrado,
michybatshuayi,michybatshuayitunga
grzegorzkrychowiak,grzegorzkrychowiak
andreaconti,andreaconti
theohernandez,mateohernandez
andreayew,
theowalcott,theowalcott
guidocarrillo,
islamslimani,islamslimani
sergeaurier,
davidezappacosta,davidezappacosta
niklassule,niklassule
rossbarkley,rossbarkley
luismuriel,
matiasvecino,matiasvecinofalero
hakancalhanoglu,hakancalhanoglu
nathanake,nathanake
cenktosun,cenktosun
markoarnautovic,markoarnautovic
renatosanches,
rodrigobentancur,rodrigobentancurcolman
kingsleycoman,kingsleyjuniorcoman
nikolamaksimovic,nikolamaksimovic
jadonsancho,jadonsancho
andregray,andregray
emerson,emersonrivaldorodriguezvalois
kevinkampl,kevinkampl
oliviergiroud,oliviergiroud
nikolakalinic,nikolakalinic
franckkessie,
kevinwimmer,kevinwimmer
nabilbentaleb,nabilbentaleb
nicolaspepe,nicolaspepe
manuelakanji,
dalbert,anthonydalberto
pietropellegri,pietropellegri
robertogagliardini,robertogagliardini
maximilianphilipp,maximilianphilipp
lucasbiglia,lucacastiglia
danielsturridge,danielandresturridge
joaocancelo,
lucasalario,lucasnicolasalario
mateomusacchio,mateopablomusacchio
chicharito,
florianthauvin,
carlosbacca,
mariolemina,
wojciechszczesny,wojciechtomaszszczesny
matthiasginter,matthiasginter
ismailasarr,ismailasarr
jurgenlocadia,jurgenlocadia
goncaloguedes,
martenderoon,martenelcoderoon
chriswood,charliewood
rickkarsdorp,rickkarsdorp
wilfriedbony,
benedikthowedes,benedikthowedes
geoffreykondogbia,geoffreyedwinkondogbia
panagiotisretsos,panagiotisretsos
jhoncordoba,
johnbrooks,
giovannisimeone,giovannipablosimeone
ricardorodriguez,ricardorodriguezgilcarcedo
medhibenatia,
daniceballos,albertoguitianceballos
samclucas,samclucas
wesleyhoedt,
yuriberchiche,yuriberchicheizeta
simonezaza,simonezaza
omertoprak,omertoprak
fernandollorente,
konstantinosmitroglou,konstantinosmitroglou
vicenteiborra,vicenteiborradelafuente
bruma,jeffreybruma
marcbartra,marcbartraaregall
kurtzouma,
mbayeniang,
sergegnabry,sergedavidgnabry
badoundiaye,modoundiaye
jeankevinaugustin,jeankevinaugustin
everbanega,
oliverburke,oliverburke
terencekongolo,terencekongolo
gianlucacaprari,gianlucacaprari
mahmouddahoud,mahmouddahoud
markopjaca,markopjaca
patrikschick,patrikschick
waynerooney,waynemarkrooney
lucasperez,lucasperezmartinez
cengizunder,cengizunder
franciscoquelin,franciscoquelin
rubensemedo,
maximegonalons,maximegonalons
enesunal,enesunal
harrymaguire,harrymaguire
sandrowagner,sandrowagner
stevemounie,
gabrielpaulista,
seadkolasinac,seadkolasinac
eliaquimmangala,eliaquimmangala
rafinha,
joseizquierdo,
thiagomaia,thiagomaiaalencar
gerarddeulofeu,gerarddeulofeulazaro
jayrodriguez,jayrodriguez
markorog,markorog
emremor,emremor
davypropper,
jeisonmurillo,
svenbender,svenbender
simonkjr,
mariohermoso,mariohermosocanseco
richarlison,richarlisondeandrade
douglasluiz,douglasluizsoaresdepaulo
mattiadesciglio,mattiadesciglio
robertoinglese,robertoinglese
joehart,
brunoperes,brunopereiramendes
yevgenkonoplyanka,yevhenkonoplyanka
roquemesa,roquemesaquevedo
yerrymina,
alexpritchard,alexdavidpritchard
deniszakaria,
marcobenassi,marcobenassi
pablofornals,pablofornalsmalla
adamounas,
martinterrier,martinterrier
luizgustavo,luizgustavobenmuyalreis
divockorigi,divockokothorigi
giannelliimbula,gilbertgianelliimbulawanga
landrydimata,landrynanydimata
asmirbegovic,asmirbegovic
jacobmurphy,jacobmurphy
diegollorente,
brunomartinsindi,brunomaximilianomartinsindi
lorenzopellegrini,lorenzopellegrini
nolito,alexandreippolito
aleksandardragovic,aleksandardragovic
jesusnavas,jesusnavasgonzalez
guilhermearana,guilhermearaujosoares
leonardopavoletti,leonardopavoletti
vincentkoziello,
sergidarder,sergidardermoll
juanfoyth,
luizaraujo,
ignaciocamacho,ignaciocamachobarnola
adamadiakhaby,
allansaintmaximin,allansaintmaximin
florianlejeune,florianlejeune
papecheikh,papecheikhdiopgueye
jonathancafu,jonathancapuz
ryadboudebouz,ryadboudebouz
vincenzogrifo,vincenzogrifo
nikolavlasic,nikolavlasic
stevanjovetic,stevanjovetic
jordanhugill,jordanhugill
loisdiony,loisdiony
bertrandtraore,bertrandisidoretraore
valeregermain,valeregermain
kierangibbs,kierangibbs
josipilicic,josipilicic
sandroramirez,sandroramirezcastillo
johannesgeis,johannesgeis
nampalysmendy,nampalysmendy
lucianovietto,lucianodariovietto
willhughes,willhughes
aleksandarkolarov,aleksandarkolarov
jordanamavi,jordanmarie
nani,juanpablopignani
andreabertolacci,andreabertolacci
didierndong,
borjabaston,
tomcleverley,tomcleverley
aaronmooy,
jackcork,jackcork
jonathas,jonathasdejesusmauricio
thiagomendes,
borjavalero,borjavaleroiglesias
khoumababacar,
guidopizarro,
tomince,thomasince
andrewrobertson,andrewrobertson
jairoriedewald,jairoriedewald
nicolamurru,nicolamurru
kevinmalcuit,kevinmalcuit
jordanveretout,jordanveretout
gregoiredefrel,gregoiredefrel
federicofazio,federicojulianfazio
loicremy,
adnanjanuzaj,adnanjanuzaj
milotrashica,milotrashica
juanjesus,
amineharit,amineharit
davieselke,davieselke
vitorhugo,vitorhugoferreiraoliveira
konradlaimer,konradlaimer
hectormoreno,
diafrasakho,diafrasakho
duvanzapata,
sebastienhaller,sebastienhaller
henryonyekuru,
nicolasdepreville,nicolasdepreville
admirmehmedi,admirmehmedi
soualihomeite,soualihomeite
rafikguitane,rafikguitane
havardnordtveit,havardnordtveit
marianodiaz,marianodiazmejia
mariorui,marioruisilvaduarte
stevemandanda,stevemandanda
gianlucalapadula,gianlucalapadulavargas
abdulrahmanbaba,abdulrahmanbaba
jonathancalleri,jonathancalleri
diegorolan,diegoorlandobenaglio
lyanco,lyancoevangelistasilveiranevesvojnovic
cristiantello,cristiantelloherrera
tomasrincon,
sebastianrudy,sebastianrudy
rachidghezzal,rachidghezzal
tammyabraham,timmyabraham
pedroneto,pedroantoniopereiragoncalves
christianatsu,christianatsutwasam
marcelo,marcelofreites
brunofernandes,brandonfernandes
jetrowillems,jetrowillems
nicolasnkoulou,nicolasnkoulou
benoitcostil,benoitcostil
jese,jeserodriguezruiz
filipporomagna,filipporomagna
jorgemere,jorgemereperez
victorcamarasa,victorcamarasaferrando
faitoutmaouassa,christemmanuelfaitoutmaouassa
santiagoascacibar,santiagolionelascacibar
sebastiencorchia,sebastiencorchia
martinbraithwaite,martinbraithwaitechristensen
remycabella,remycabella
yuningzhang,
janneshorn,
jeremytoljan,jeremytoljan
clintonnjie,clintonmuanjie
alexberenguer,
neto,yukisaneto
francescocassata,francescocassata
valentineysseric,valentineysseric
ademolalookman,ademolalookman
pablozabaleta,
yannmvila,
matteopessina,matteopessina
pollirola,
kyriakospapadopoulos,kyriakospapadopoulos
lucasleiva,lucasevangelistasantanadeoliveira
ronrobertzieler,ronrobertzieler
javigarcia,davidgarciazubiria
wahbikhazri,wahbikhazri
maxgradel,
kenedy,caiobrunomilacarkenedy
georgeskevinnkoudou,georgeskevinnkoudoumbida
wesleysneijder,
gastonramirez,
moritzbauer,moritzbauer
andrehahn,andrehahn
janbednarek,
adilrami,adilrami
andreascornelius,andreasevaldcornelius
timothycastagne,timothycastagne
nathanielchalobah,nathanielchalobah
chadracakolo,chadracakoloababa
jeanvictormakengo,jeanvictormakengo
fabioeguelfi,fabioeguelfi
mathewryan,matthewryanwolfe
danilocataldi,danilocataldi
mauriciolemos,mauriciolemosmerladet
andrecarrillo,andreaerrico
ishakbelfodil,ishakbelfodil
aymenabdennour,aymenabdennour
firminmubele,firminndombemubele
riccardomarchizza,riccardomarchizza
mariogomez,marianogomez
andresguardado,joseandresguardadohernandez
pablopiatti,
bartoszkapustka,bartoszkapustka
germanpezzella,
joelcampbell,joshcampbell
miguellayun,
ericmaximchoupomoting,jeanericmaximchoupomoting
jasminkurtic,jasminkurtic
etritberisha,etritberisha
adammarusic,adammarusic
nikolamilenkovic,nikolamilenkovic
dodo,lucaseduardodossantosjoao
kennytete,kennysteppe
danialves,
michaelgregoritsch,michaelgregoritsch
riadbajic,rijadbajic
joselu,joseluisgarciavaya
florianniederlechner,florianniederlechner
cristianansaldi,cristiandanielansaldi
otavio,paulsonotaviojunqueiragoncalves
marlon,marlonsundermann
javiermanquillo,javiermanquillogaitan
stanislavlobotka,stanislavlobotka
dodilukebakio,dodilukebakio
ferlandmendy,ferlandmendy
nahkiwells,nahkiwells
abdoudiallo,abdoudiallo
william,jameswilliamdunne
assanediousse,assanediousseelhadji
federicomattiello,federicomattiello
ahmedhegazy,
xeka,
saphirtaider,saphirslititaider
viktorfischer,
andreaspereira,paulovitorfernandespereira
juanfranmoreno,joanjordanmoreno
iurimedeiros,
yvonmvogo,
aaronlennon,aaronlennon
fabioborini,fabioborini
lisandrolopez,lisandrolopez
reeceoxford,reeceoxford
rubenloftuscheek,rubenloftuscheek
johnguidetti,johnguidetti
charlietaylor,charlietaylor
izzybrown,
kevinprinceboateng,kevinprinceboateng
jermaindefoe,jermaincolindefoe
brownideye,brownideyeaide
bojankrkic,bojankrkicperez
leonardoulloa,joseleonardoulloa
vukasinjovanovic,vukasinjovanovic
papydjilobodji,
emanuelcecchini,emanuelegiaccherini
ihlasbebou,ihlasbebou
dariodelfabro,dariodelfabro
kalifacoulibaly,kalifacoulibaly
markussuttner,markussuttner
bernardoespinosa,
joseluispalomino,joseluispalomino
bastianoczipka,bastianoczipka
ludwigaugustinsson,hanscarlludwigaugustinsson
giuseppepezzella,giuseppepezzella
leonardomancuso,leonardomancuso
guilherme,guilhermemantuan
marcal,wanyamarcalmadivadua
youssoufsabaly,youssoufsabaly
ezequielschelotto,matiasezequielschelotto
giovannisio,giovannipinto
hernantoledo,hernandariotoledo
ricardocenturion,adrianricardocenturion
ivanstrinic,ivanstrinic
nordinamrabat,noureddineamrabat
maxigomez,matiasgomez
anastasiosdonis,anastasiosdonis
jackharrison,jackharrison
brunogaspar,
dawidkownacki,dawidigorkownacki
enzocrivelli,enzocrivelli
jeffersonmontero,
pascalstenzel,pascalstenzel
brunojordao,
pierreleesmelou,pierreleesmelou
paulooliveira,paulojosedeoliveira
olarenwajukayode,olarenwajuayobakayode
moussakonate,moussakone
bryandabo,bryandabo
naldo,robertoronaldocespedessanchez
andreawgravillon,andreawgravillon
edoardogoldaniga,edoardogoldaniga
pascalgro,pascalgro
cipriantatarusanu,antoncipriantatarusanu
raulbobadilla,
albertopaloschi,albertopaloschi
antunes,andrealexandreantunespedrosa
cheickdiabate,
alessiocerci,alessiocerci
salvatoresirigu,salvatoresirigu
gianmarcoferrari,gianmarcoferrari
rogermartinez,rogermartinezsantamaria
martincaceres,josemartincaceressilva
diegofalcinelli,diegofalcinelli
nevensubotic,nevensubotic
kikofemenia,
andreapoli,andreapoli
timkrul,timkrul
floriangrillitsch,floriangrillitsch
paulgeorgesntep,paulgeorgesntepdemadiba
hernani,hernaniazevedojunior
orestiskarnezis,
isaacsuccess,isaacajayisuccess
darkobrasanac,darkobrasanac
pontusdahlberg,pontusdahbo
laurentdepoitre,laurentdepoitre
yoricravet,yoricravet
julianpollersbeck,julianpollersbeck
sergioleon,sergioleonelaguerodelcastillo
benjaminbourigeaud,benjaminbourigeaud
scottmalone,scottmalone
anthonyujah,anthonyujah
joanjordan,joanjordanmoreno
ferdinandodelsole,ferdinandodelsole
pabloinsua,pabloinsuablanco
lukaslerager,lukasreifflerager
robinkoch,robinkoch
corentinjean,corentinjean
jozabedsanchez,jozabedsanchezruiz
marvinzeegelaar,marvinzeegelaar
oscarhiljemark,oscarhiljemark
racinecoly,racinecoly
edgarie,edgareyfferlastremercado
federicoricci,federicoricci
cristhianstuani,
dominikkohr,dominikkohr
nicolaspallois,nicolaspallois
renatosteffen,renatosteffen
eliaskachunga,eliaskachunga
danielbessa,danielbassi
carlossalcedo,
ervinzukanovic,ervinzukanovic
konstantinosstafylidis,konstantinosstafylidis
federicoviviani,federicoviviani
riccardoorsolini,riccardoorsolini
sergisamper,sergisampermontana
adrianlopez,adrianlopezgarrote
paulbaysse,paulbaysse
cyrilthereau,cyrilthereau
estebanrolon,
sennamiangue,sennamalikmiangue
joaoqueiros,
alexandrumaxim,alexandrumateiu
nenadtomovic,nenadtomovic
lionelcarole,lioneljulescarole
albertograssi,albertograssi
simonterodde,simonterodde
sergiogomez,sergiogomezmartin
juliankorb,juliankorb
marceltisserand,marceltisserand
brandonthomas,brandonthomasllamas
bramnuytinck,bramnuytinck
nicoschulz,nicoschulz
fabianschar,fabianlukasschar
fabianorellana,fabianholland
rickvandrongelen,rickvandrongelen
mathewleckie,mathewallanleckie
jiripavlenka,jiripavlenka
jordimboula,jordimboulaqueralt
tomaskoubek,tomaskoubek
seadhaksabanovic,seadhaksabanovic
antoninbarak,antoninbarak
carlossanchez,carlossanchezjimenez
mikelmerino,mikelmerinozazon
burgui,germanjosechanchamireburguillos
dimitriossiovas,dimitriossiovas
simonfalette,simonfalta
andreasbeck,andreasbeck
felipecaicedo,
thomastoure,thomastoure
amathndiaye,amathndiayediedhiou
zouhairfeddal,zouhairfeddalagharbi
ezequielmunoz,ezequielmatiasmunoz
kenankodro,kenankodro
gregoryvanderwiel,gregoryvanderwiel
evertonluiz,evertonluizguimaraesbilher
jonathansilva,jonathansilvavieira
sebastianlangkamp,sebastianlangkamp
pedromendes,
valentinolazaro,valentinolazaro
yannkaramoh,
oussamatannane,oussamatannane
antoniobarragan,antoniobarraganfernandez
felixpasslack,felixpasslack
sergiogarcia,sergiogarciavazquez
federicovalverde,
nemanjamaksimovic,nemanjamaksimovic
maximelestienne,maximeesteve
remiwalter,remiwalter
claudiobeauvue,claudiobeauvue
leandrocastan,leandrolucasmarin
manuelpucciarelli,manuelpucciarelli
costelpantilimon,costelfanepantilimon
adriangonzalez,adriangonzalezmorales
youssefaitbennasser,youssefaitbennasser
emmanuelboateng,emmanuelboateng
andyking,
rolandomandragora,rolandomandragora
marcmuniesa,marcmuniesamartinez
fahadalmuwallad,saadalmuwallad
ethanampadu,
rodrigoely,rodrigoely
davidedigennaro,davidedigennaro
justinhoogma,justinhoogma
zanka,zakariasilini
gianlucadichiara,gianlucadichiara
jaroslawjach,
thomasheurtaux,
marcoterrazzino,marcoterrazzino
lukailic,lukailic
maximilianoolivera,maximilianomoreira
sebastiancristoforo,
vanjamilinkovicsavic,vanjamilinkovicsavic
karimrekik,karimrekik
ailton,ailtonferreirasilva
philippwollscheid,
gabrielsilva,gabrielsilvavieira
cesarfalletti,
jonathanwalters,jonathanwalters
lucarossettini,lucarossettini
benjaminlecomte,benjaminlecomte
alesmateju,alesmateju
djene,moussadjenepo
jeanclaudebillong,jeanclaudebillong
paolofarago,
valonbehrami,valonbehrami
samuelarmenteros,kristianosamuelarmenterosnunezmendozajansson
brunogonzalez,brunogonzalezcabrera
jonasmartin,jonasmartin
fredericguilbert,fredericguilbert
yoelrodriguez,yoelrodriguezoterino
tito,titouanthomas
cristianobiraghi,cristianobiraghi
gelsonfernandes,gersofernandes
ahmadbenali,ahmadbenali
anterebic,anterebic
holgerbadstuber,holgerbadstuber
josipelez,josipelez
luciano,lucaslucianomantelapatricio
marcofossati,marcoeziofossati
jordiamat,jordiamatmaas
danijelmilicevic,danijelmilicevic
cafu,juanreneabarcafuentes
lassanadiarra,lassanadiarra
jagosvukovic,jagosvukovic
nolanroux,nolanroux
emmanuelemenike,
mathieudebuchy,mathieudebuchy
mariuszstepinski,mariuszpawestepinski
enzozidane,
florenthadergjonaj,florenthadergjonaj
lucarizzo,lucarizzo
timothyfosumensah,timothyevansfosumensah
ezequielponce,ezequielponcemartinez
juankar,juanaristizabal
alvaromedran,alvaromedranjust
lacinatraore,
erwinmulder,erwinmulder
achraflazaar,achraflazaar
sandro,lisandroandrevasquezpizarro
hamaritraore,hamaritraore
andreigirotto,andreigirotto
gaetanoletizia,gaetanoletizia
lucacigarini,lucacigarini
eldinjakupovic,eldinjakupovic
vidbelec,vidbelec
petarbrlek,petarbrlek
sasalukic,sasalukic
konstantinosmavropanos,konstantinosmavropanos
michaelesser,michaelesser
marvinstefaniak,marvinstefaniak
ihsansacko,ihsansacko
matheuspereira,matheuspereiradasilva
alexandersrloth,alexandersrloth
lucasholer,lucasholer
mamadoucoulibaly,mamadoucoulibaly
martindubravka,martindubravka
foussenidiabate,foussenidiabate
filiphelander,filipholender
tanguyndombele,tanguyndombelealvaro
diegogonzalez,diegogonzalez
rubensobrino,rubensobrinopozuelo
alexanderdjiku,alexanderdjiku
fabriziocaligara,fabriziocaligara
baptisteguillaume,baptisteguillaume
mattiavitale,mattiavitale
dimitrifoulquier,dimitrifoulquier
sebastiendemaio,sebastiandemaio
andresfernandez,omarandresfernandezfrasica
naimsliti,naimsliti
antoniosivera,antoniodsilva
bonganizungu,bonganizungu
lassanacoulibaly,lassanacoulibaly
benjaminjeannot,benjaminjeannot
idrisssaadi,idrisssaadi
jeromegondorf,jeromegondorf
rubenrochina,rubenrochinanaixes
giancarlogonzalez,giancarlogonzalezcastro
wesleylautoa,wesleylautoa
jonathandeguzman,jonathandeguzman
ramanchibsah,yussiframanchibsah
charalamposlykogiannis,charalamposlykogiannis
cedricyambere,cedricyambere
jairosamperio,jairosamperiobustara
lukajovic,lukajovic
ledianmemushaj,ledianmemushaj
francescozampano,francescofilippozampano
dominicsolanke,dominicsolanke
reneadler,reneadler
pedropereira,joaopedropereirasilva
cucomartina,
nigeldejong,
matthiasostrzolek,matthiasostrzolek
jeromeonguene,jeromejunioronguene
gildias,
ximonavarro,federicodarionavarro
umarsadiq,umarsadiqmesbah
darrenfletcher,darrenfletcher
miguelangelmoya,miguelangelmoyarumbo
yeningbakoto,yeniatitongbakoto
francktabanou,francktabanou
enekoboveda,enekobovedaaltube
estebangranero,
clementgrenier,clementgrenier
maksymkoval,maksymkoval
zakariabakkali,zakariabakkali
lucasboye,lucaoyen
yassineelghanassy,yassineelghanassy
albertobueno,albertobuenocalvo
maurodossantos,maurojavierdossantos
roberto,robertovoican
dannywilliams,dannywilliams
josenaranjo,
marcoandreolli,marcoandreolli
federicobonazzoli,federicobonazzoli
antonioluna,antoniolucafiordilino
samugarcia,saulgarciacabrero
gakushibasaki,gakushibasaki
coke,gileschristophercoke
alexalegria,
faycalfajr,faycalfajr
davidtimor,davidtimorcopovi
massimocoda,massimocoda
gaetanocastrovilli,gaetanocastrovilli
orelmangala,orelmangala
matiasaguirregaray,matiasaguirregarayguruceaga
mariosikonomou,mariosoikonomou
rydermatos,rydermatossantospinto
nicolashaas,nicolashasler
hyunjunsuk,
alfredgomis,
joachimandersen,joachimandersen
chocolozano,
petkohristov,petkohristov
daichikamada,
yahyaalshehri,
salahmohsen,
cheickdoukoure,cheickdoukoure
bartoszsalamon,bartoszsalamon
paulverhaegh,paulverhaegh
seungwoolee,seungmolee
vitaliedamascan,vitaliedamascan
rafikzekhnini,rafikzekhnini
kaylenhinds,
vetonberisha,vetonberisha
martingraiciar,martingraiciar
nunodacosta,mateusgalianodacosta
javifuego,
damirceter,damircetervalencia
enisbardhi,enisbardhi
aristotelesromero,hermesaristotelesromeroespinoza
abdelhamidsabiri,abdelhamidsabiri
wesleysaid,wesleysaid
franciscoportillo,franciscoportillosoler
andreacosta,andreacosta
ivilopez,
garethbarry,garethbarry
pietroiemmello,pietroiemmello
stefpeeters,stefpeeters
emmanuelriviere,emmanuelriviere
jorginho,jorginhoanderssonsernaquebustos
lucagarritano,lucagarritano
danipacheco,
philbardsley,philbardsley
pedrorebocho,
mollawague,mollawague
mitchelllangerak,mitchelljameslangerak
antebudimir,antebudimir
lebogangphiri,leboganglelaniphiri
dennisaogo,dennisaogo
pirminschwegler,pirminschwegler
andreygalabinov,andreygalabinov
marcelbuchel,marcelbuchel
danieleverde,danieleverde
moisekean,
peteretebo,oghenekaropeteretebo
andreramalho,andreramalhosilva
alejandrogalvez,alejandrogalvezjimena
willycaballero,
michaelkrohndehli,michaelkrohndehli
facundopiriz,
renekrhin,renekrhin
francoisbellugou,francoisbellugou
tomaspina,tomaspinaisla
manueliturra,
hernanperez,federicohernanpereyra
jonaslossl,
javieraso,javieralonsobello
princeoniangue,princeoniangue
charles,elliotcharlesparish
josebazaldua,josebazalduabengoetxea
daniloavelar,
cote,marcoterrazzino
roberibanez,rogeribanezdasilva
arlindajeti,arlindajeti
marcodalessandro,marcodalessandro
erickcabaco,
markelbergara,markelbergaralarranaga
filipdjuricic,filipuricic
carlesplanas,carlesplanasantolinez
kepaarrizabalaga,kepaarrizabalagarevuelta
riyadmahrez,riyadmahrez
thibautcourtois,
alisson,alissonpelegrinisafira
gonzalohiguain,gonzalogerardohiguain
fabinho,
malcom,malcombokelemputu
cristianoronaldo,cristianoronaldodossantosaveiro
thomaslemar,thomaslemar
nabykeita,nabykeita
christianpulisic,christianpulisic
fred,fredrikandrebjrkan
viniciusjunior,
radjanainggolan,radjanainggolan
leandroparedes,leandrodanielparedes
stefandevrij,stefandevrij
lucaspaqueta,
mattiacaldara,mattiacaldara
clementlenglet,
gelsonmartins,glanmartins
alvaroodriozola,alvaroodriozolaarzalluz
jeffersonlerma,
aleksandrgolovin,aleksandrgolovin
fabianruiz,fabianruizpena
stevennzonzi,
leongoretzka,
felipeanderson,felipeandersonpereiragomes
thilokehrer,janthilokehrer
krzysztofpiatek,krzysztofpiatek
arturovidal,
arthurmelo,arthurmendoncacabral
jeanmichaelseri,jeanmichaelseri
lucastorreira,lucastorreiradipascua
mateokovacic,mateokovacic
berndleno,berndleno
jannikvestergaard,jannikvestergaard
jamesmaddison,jamesmaddison
rodri,santosrodrigonavarroarteaga
bryancristante,bryancristante
giovanilocelso,giovanilocelso
emrecan,emrecan
kevinstrootman,kevinstrootman
lautaromartinez,lautarojaviermartinez
issadiop,issadiop
simoneverdi,simoneverdi
williamcarvalho,williamsilvadecarvalho
cescfabregas,francescfabregasisoler
simevrsaljko,simevrsaljko
frankanguissa,
aleksandarmitrovic,aleksandarmitrovic
miguelalmiron,
alassaneplea,
diogodalot,josediogodalotteixeira
moussadembele,moussadembele
samucastillejo,
caglarsoyuncu,caglarsoyuncu
rafaelleao,rafaellopezgomez
thomasdelaney,thomasdelaine
javierpastore,javiermatiaspastore
quincypromes,quincyantonpromes
alirezajahanbakhsh,alirezajahanbakhsh
ricardopereira,joaoricardopereiraqueiros
matteopolitano,matteopolitano
jonnyotto,
lucasdigne,lucasdigne
axelwitsel,
benjaminhenrichs,benjaminhenrichs
adamatraore,adamatraore
kevingameiro,kevingameiro
mariobalotelli,mariobarwuahbalotelli
diegolaxalt,
mohamedelyounoussi,mohamedamineelyounoussi
karltokoekambi,
xherdanshaqiri,xherdanshaqiri
albanlafont,albanlafont
willemgeubbels,willemgeubbels
gerardmoreno,gerardmorenobalaguero
amadouhaidara,amadouhaidara
sokratispapastathopoulos,sokratispapastathopoulos
jackwilshere,jackwilshere
dujecaletacar,dujecaletacar
ruipatricio,
santiagoarias,santiagoariasnaranjo
salifsane,salifsane
markuth,markuth
justinkluivert,justinkluivert
emilianosala,emilianosala
bengibson,bengibson
yvesbissouma,yvesbissouma
mattiaperin,mattiaperin
nordimukiele,nordimukielemulere
bernard,emiliobernardsanchez
maxmeyer,maxmeyer
joaquincorrea,joaquintorres
brahimdiaz,soryibrahimdiarra
leanderdendoncker,leanderdendoncker
alfiemawson,alfiemawson
leonardobalerdi,
mouctardiakhaby,mouctardiakhaby
jorisgnagnon,jorisgnagnon
danielwass,danielwass
rauljimenez,juliocesarvizcarrajimenez
pacoalcacer,
andreschurrle,andreschurrle
diegorico,diegoricosalguero
matheuscunha,
nacerchadli,nacerchadli
jonnyevans,
andregomes,rubenalexandregomesoliveira
cedricsoares,
milanbadelj,milanbadelj
alphonsodavies,alphonsoboyledavies
jeaneudesaholou,jeaneudesaholou
dannyward,dannyward
calumchambers,calumchambers
nathanielclyne,nathanieledwinclyne
jakubjankto,jakubjankto
filipbenkovic,filipbenkovic
ibrahimamadou,ibrahimamadou
diegolainez,diegolainezleyva
diogojota,
kwadwoasamoah,kwadwoasamoah
chrismepham,
salomonrondon,josesalomonrondongimenez
matejvydra,matejvydra
emersonroyal,
francescoacerbi,francescoacerbi
willyboly,
cheikhoukouyate,cheikhoukouyate
aaronmartin,aaronmartin
mitchellweiser,mitchellweiser
nemanjaradonjic,nemanjaradonjic
marcelosaracchi,
juanbernat,janbernat
denissuarez,denissuarezfernandez
munirelhaddadi,munirelhaddadimohamed
sofianeboufal,sofianeboufal
manologabbiadini,manologabbiadini
benikafobe,benikafobe
angusgunn,angusgunn
nicogonzalez,sergioricogonzalez
suatserdar,suatserdar
fodeballotoure,fodeballotoure
sergiorico,sergioricogonzalez
alexmeret,alexmeret
joshmurphy,joshmurphy
bobbydecordovareid,bobbydecordovareid
davidbrooks,
ozankabak,
armandoizzo,armandoizzo
karimadeyemi,karimdavidadeyemi
danielginczek,danielginczek
danilobarbosa,danilobarbosadasilva
borjaiglesias,borjaiglesiasquintas
jasondenayer,
santiagocaseres,santiagocaseres
bernardo,bernardooliveiradias
jeremieboga,jeremieboga
yoshinorimuto,yoshinorimuto
woutweghorst,woutweghorst
omarmascarell,omarmascarellgonzalez
antoniobarreca,antoniobarreca
myzianemaolida,myzianemaolida
ramirofunesmori,joseramirofunesmori
valonberisha,valonberisha
joaomoutinho,
mariuswolf,mariuswolf
gerson,logantipenerogerson
pablomaffeo,
martinhinteregger,martinjosefhinteregger
stevenzuber,stevenzuber
kevinakpoguma,
lukashradecky,lukashradecky
omarcolley,omarcolley
rabbimatondo,rabbimatondo
riccardosaponara,riccardosaponara
antoninolagumina,antoninolagumina
leodubois,leodubois
davidesanton,davidesanton
aleixvidal,aleixvidalparreu
robinolsen,robinkolle
jordan,jordanmajchrzak
lukaszskorupski,ukaszskorupski
andreapetagna,andreapetagna
samuelkalu,samuelkaluojim
davidebettella,davidebettella
kasimadams,kasimadamsnuhu
anthonylimbombe,anthonylimbombeekango
andriylunin,andriylunin
keno,brookenortoncuffy
matteoguendouzi,
lukaszfabianski,ukaszfabianski
ignaciopussetto,ignaciopussetto
cristianopiccini,cristianopiccini
federicofernandez,federicofernandez
jeromeroussillon,jeromeroussillon
jeanphilippemateta,jeanphilippemateta
erlinghaaland,erlingbrauthaaland
franbeltran,
alexismacallister,alexismacallister
martinmontoya,martinmontoyatorralbo
gonzalocastro,gonzalocastroirizabal
mariopasalic,mariopasalic
ivanmarcano,ivanmarcanosierra
dannyings,
maximilianwober,maximilianwober
jordanayew,
jonathanbamba,jonathanbamba
jeanclairtodibo,
almamytoure,almamytoure
kevintrapp,kevintrapp
adrienthomasson,adrienthomasson
denischeryshev,denischeryshev
manuellocatelli,manuellocatelli
stuartarmstrong,stuartarmstrong
nikolavukcevic,nikolavukcevic
andreafavilli,andreafavilli
lukaszteodorczyk,ukaszteodorczyk
dominiqueheintz,dominiqueheintz
robertosoriano,robertosoriano
albertocerri,albertocerri
patrickroberts,patrickroberts
pierrekunde,pierrekundemalong
rizadurmisi,rizadurmisi
antecoric,antecoric
okayyokuslu,okayyokuslu
borjamayoral,borjamayoralmoya
emilianorigoni,emilianoarielrigoni
rubenperez,patricionehuenperez
federicodifrancesco,federicodifrancesco
nestoraraujo,
pele,josipelez
jacobrasmussen,jacobvandsrasmussen
ramadansobhi,ramadansobhiramadanahmed
lucascastro,lucassoto
adammasina,adammasina
kevinmirallas,kevinmirallas
oumarniasse,elhadjibayeoumarniasse
laminekone,laminekone
stefanosturaro,stefanosturaro
antoniosanabria,arnaldoantoniosanabriaayala
danieldidavi,danieldidavi
gervinho,
harryarter,harryforster
sungyuengki,
karambodj,serignemodoukarambodji
nicolasansone,nicolaswatson
joebryan,joebryan
federicosantander,
antepalaversa,antepalaversa
hamzamendyl,hamzamendyl
nicolozaniolo,nicolozaniolo
jurajkucka,jurajkucka
christiankouame,christiankum
raphaeldwamena,raphaeldwamena
moussaniakhate,moussaniakhate
bornasosa,bornasosa
federicovalietti,federicovalietti
leonardobittencourt,leonardgrob
fabri,fabrizionicolascorreagonzalez
florinandone,florinandone
rodriguinho,
walace,walacesouzasilva
gabrielbrazao,
ronaelpierregabriel,ronaeljulienpierregabriel
tomasvaclik,tomasvaclik
youssefennesyri,youssefennesyri
cristianbenavente,cristianbenaventebristol
mosessimon,
gaelkakuta,gaelkakuta
rauldetomas,rauldetomasgomez
christopheherelle,christopheherelle
arberzeneli,arberzeneli
facundoferreyra,facundoferreyra
filipkostic,filipkostic
marcosportiello,marcosportiello
bjornengels,bjornengels
rubenvezo,
filipbradaric,filipbradaric
bremer,gleisonbremersilvanascimento
yacineadli,yacineadli
erikpieters,erikpieters
jensodgaard,jensodgaard
michaellang,michaellang
evanndicka,obiteevanndicka
sergigomez,sergigomezsola
federicodimarco,federicodimarco
damiendasilva,damiendasilva
ronaldovieira,
lucawaldschmidt,gianlucawaldschmidt
ivanradovanovic,ivanradovanovic
giangiacomomagnani,giangiacomomagnani
marcocarraro,marcocarraro
mathiasjensen,mathiasjensen
ignasimiquel,ignasimiquelipons
johanmojica,johanmina
felipevizeu,felipevieiraaugusto
marcotumminello,marcotumminello
lennypintor,
jonathanikone,nanitamojonathanikone
josemanuelarnaiz,josemanuelarnaizdiaz
carloseduardo,carloseduardoguerrerozavala
alvarogarcia,alvarogarciarivera
fabianbalbuena,
leobonatini,
joshuabrenet,joshuabrenet
virgilmisidjan,virgilroymisidjan
samuelgrandsir,samuelgrandsir
ryanbabel,ryangunobabel
baptistereynet,baptistereynet
ibaigomez,ibaigomezperez
joelobi,joeloicaffamah
antonioadan,antonioadangarrido
edimilsonfernandes,edimilsonfernandesribeiro
stefanookaka,stefanookakachuka
achrafhakimi,achrafhakimimouh
takashiinui,takashiinui
paulopez,paulopezsabata
markogrujic,markogrujic
yuyakubo,yuyakubo
lorenzotonelli,lorenzotonelli
sergiocanales,sergiocanalesmadrazo
carlosvinicius,carlosviniciussantosdejesus
ronnyrodelin,sylvioronnyrodelin
bakarysako,bakarykone
lazarmarkovic,lazarmarkovic
christianoliva,christianilic
zlatkojunuzovic,zlatkojunuzovic
yannissalibur,yannissalibur
vicenteguaita,vicenteguaitapanadero
ruifonte,
saifeddinekhaoui,saifeddinekhaoui
alexisblin,alexisblin
marccucurella,marccucurellasaseta
aminyounes,aminyounes
maximiliankilman,maximiliankilman
andreaspoulsen,andreaspoulsen
rolandsallai,rolandsallai
sidnei,sidneirecheldasilvajunior
szymonzurkowski,szymonpiotrzurkowski
davidospina,davidospinaramirez
genkiharaguchi,
yuyaosako,yuyaosako
davidbutton,davidbutton
albinekdal,albinekdal
nurisahin,nurisahin
boschilia,gabrielboschilia
allannyom,
mattiassvanberg,mattiasolofsvanberg
matzsels,
felixklaus,felixklaus
tyleradams,kyleadams
jhoncifuente,
rogeribanez,rogeribanezdasilva
antoniomirante,antoniomirante
juanmusso,
alexsmithies,alexsmithies
maximelemarchand,maximelemarchand
mohamedsalimfares,mohamedsalimfares
pierluigigollini,pierluigigollini
husseinelshahat,husseinelshahat
cristianromero,brianromero
gregcunningham,gregcunningham
lebomothiba,lebomothiba
samanghoddos,samanghoddos
sorykaba,sorykaba
kirildespodov,kirildespodov
ghislainkonan,ghislainkonan
sergioalvarez,sergioalvarezdiaz
ivanalejo,ivanalejoperalta
ribamar,lucasribamarlopesdossantosbibiano
claudiospinelli,claudiopaulspinelli
gaetanlaborde,gaetanlaborde
olaaina,
lucasevangelista,lucasevangelistasantanadeoliveira
davidsoria,davidsoriasolis
alfasemedo,alfasemedoesteves
marwinhitz,marwinhitz
marcoliverkempf,marcoliverkempf
valentinvada,valentinvada
jasonpuncheon,
domenicocriscito,domenicocriscito
ryanfredericks,ryanfredericks
danigarcia,edsonaldairgarciamartinez
andydelort,andydelort
jordanferri,jordanferri
federicoceccherini,federicoceccherini
danburn,danburn
lucastorro,lucastorromarset
christiannrgaard,christianthersnrgaard
tomabasic,tomabasic
davidhancko,davidhancko
arkadiuszreca,arkadiuszreca
jeanpaulboetius,jeanpaulboetius
thomasfoket,thomasfoket
stevenskrzybski,stevenskrzybski
mathieudossevi,mathieucangnidossevi
serdargurler,serdargurler
gabrielfernandez,nereoarielfernandez
sebastianwalukiewicz,sebastianwiktorwalukiewicz
genshoji,
isaacmbenza,isaacmbenza
ragnarklavan,ragnarklavan
leiwu,
derrickluckassen,derrickluckassen
lucasolaza,lucasgalarza
joelrobles,joelroblesblazquez
ucheagbo,
koffidjidji,levykoffidjidji
samusaiz,
seydoudoumbia,seydoudoumbia
leandrobacuna,
mattiasprocati,mattiasprocati
williamtroostekong,williamtroostekong
dusanvlahovic,dusanvlahovic
goncalopaciencia,goncalomendespaciencia
felixbeijmo,felixbeijmo
fredrikjensen,hansfredrikjensen
sergiguardiola,sergioguardiolanavarro
percytau,percymuzitau
tiagocasasola,tiagomatiascasasola
souleymandoumbia,souleymandoumbia
lucasribeiro,lucasribeirodossantos
federicobarba,federicobarba
patricktwumasi,patricktwumasi
enricgallego,
youcefatal,youcefatal
andercapa,andercaparodriguez
stefanmitrovic,stefanmitrovic
marcovarnier,marcovarnier
denisbouanga,
janmlakar,janmlakar
enricobrignola,enricobrignola
benfoster,benfoster
diegofarias,diegofariasdasilva
martinharnik,martinharnik
juanotero,
lukasklunter,lukasklunter
isaackiesethelin,isaackiesethelin
frederikronnow,frederikriisrnnow
mauroarambarri,
marvinducksch,marvinducksch
pablodeblasis,
jeffreineadelaide,jeffreineadelaide
josepozo,
marcellotrotta,marcellotrotta
mattmiazga,matthewmiazga
jeffreybruma,jeffreybruma
emilaudero,emilauderomulyadi
luisadvincula,
valterbirsa,valterbirsa
chicogeraldes,
nicolaimuller,nicolaimuller
andreiradu,andreiradu
romulo,cristianromuloojeda
antoinebernede,
dimitrioberlin,
diegoreyes,
stephanebahoken,stephanebahoken
tudorbaluta,
yacinebammou,yacinebammou
erictraore,
ahmedelshenawy,mohamedelsayedmohamedelshenawygomaa
florentmollet,florentmollet
jandrei,jandreichitolinacarniel
robertomassimo,robertomassimo
philippesandler,philippesandler
petarmicin,petarmicin
zekicelik,mehmetzekicelik
vasylkravets,vasylkravets
sikouniakate,sikouniakate
felipeavenatti,
juninhobacuna,juninhobacuna
philipplienhart,philipplienhart
juniorsambia,salomonjuniorsambia
benitoraman,benitoraman
vincentpajot,vincentpajot
denialar,denialar
dujecop,dujecop
stefanoskapino,stefanoskapino
robertbauer,robertbauer
marcinkaminski,marcinkaminski
sergipalencia,sergipalenciahurtado
kevinmohwald,kevinmohwald
amatociciretti,amatociciretti
francodisanto,francoiskamano
alenhalilovic,alenhalilovic
jimmybriand,jimmybriand
jakobjohansson,jakobjohansson
majeedwaris,abdulmajeedwaris
facundoroncaglia,
darwinmachis,
timotheekolodziejczak,timotheekolodziejczak
sanjinprcic,sanjinprcic
robertorosales,robertobardales
alexandremendy,alexandremendy
lucaspiazon,
santicazorla,
jeremypied,jeremypied
cheikhndoye,cheikhndoye
mikelvesga,mikelvesgaarruti
sheyiojo,
oswaldoalanis,oswaldoalanispantoja
keananbennetts,keananbennetts
rubenvinagre,
filipstuparevic,
markojankovic,markojankovic
urosracic,urosracic
stipeperica,stipeperica
kensema,
mehdibourabia,mehdibourabia
arthurcaike,arthurcaikedonascimentocruz
aaronleyaiseka,aaronleyaiseka
andersdreyer,
simonemissiroli,simonemissiroli
abdallahelsaid,
aligabr,aligabr
nehuenperez,patricionehuenperez
issahabass,
markflekken,markflekken
romaindelcastillo,romaindelcastillo
alvaroaguado,alvaroaguadomendez
ibrahimasissoko,ibrahimasissoko
fabio,fabiomiguellourencoferreira
casimirninga,rodriguecasimirninga
pascalkopke,pascalkopke
filipjagiello,
stivenplaza,
franckhonorat,franckhonorat
ludovicajorque,ludovicajorque
marcnavarro,marcnavarroceciliano
okechukwuazubuike,
fabioceravolo,
vincentlaurini,vincentalainlaurini
recio,ikerrecioortega
jacopodezi,jacopodezi
bobbywood,bobbyshouwood
takumaasano,
afriyieacquah,afriyieacquah
rafalkurzawa,rafakujawa
aymenbarkok,aymenbarkok
charlestraore,charlestraore
felixwiedwald,felixwiedwald
kevinstoger,kevinstoger
mariosuarez,martinsuarez
kekogontan,
manugarcia,manuelgarcia
gianluigibuffon,gianluigibuffon
lucaantonelli,lucaantonelli
jony,jonyallisonreitosaribeiro
salihucan,salihucan
josefonte,clementejosemontesbarroilhet
paulbernardoni,
michaelsantos,michaelzant
serhouguirassy,serhouyadalyguirassy
theopellenard,theopellenard
leonbalogun,
ganso,takanorisugano
emilianoviviano,emilianoviviano
yoanngourcuff,yoanngourcuff
roberpier,jamesrobertperch
jaimemata,jaimemataarnaiz
xabietxeita,
andreapinamonti,andreapinamonti
omarkhribin,omarmaherkhribin
mateobarac,mateobarac
tuta,thimotheelotutala
lucamazzitelli,lucamazzitelli
cristianganea,cristianignat
kennethomeruo,kennethjosiahomeruo
aliadnan,aliadnankadhimaltameemi
vascoregini,vascoregini
khalidboutaib,khalidboutaib
damienletallec,
jonathanbiabiany,jonathanbamba
benwilmot,benwilmot
karlangrant,
leegrant,leegrant
lorenzocrisetig,lorenzocrisetig
nayefaguerd,nayefaguerd
runaralexrunarsson,runaralexrunarsson
josemachin,
hamdyfathy,
joshmaja,joshmaja
cristiangalano,cristiangalano
ferjanisassi,
leostulac,leostulac
mohamedmahmoud,abdallahimohamedmahmoud
alioubadji,alioubadji
xandesilva,claytonfernandessilva
samuelmraz,samuelmraz
nicholasopoku,nicholasopoku
andreabeghetto,andreabeghetto
harrisonmanzala,harrissonmanzalatusumgama
damianmusto,
danielarzani,danielarzani
lukakrajnc,lukakrajnc
ibrahimhassan,mahmoudahmedibrahimhassan
christophknasmullner,christophknasmullner
merihdemiral,merihdemiral
alexferrari,alexferrari
stephanlichtsteiner,stephanlichtsteiner
sebastianrode,sebastianrode
diegocontento,
brightedomwonyi,brightosagieedomwonyi
kenankaraman,kenankaraman
edenhazard,
joaofelix,joaofelixsequeira
frenkiedejong,frenkiedejong
nabilfekir,nabilfekir
julianbrandt,julianbrandt
antoinegriezmann,antoinegriezmann
christianeriksen,kristianeriksen
matthijsdeligt,matthijsdeligt
lucashernandez,lucasfernandes
mauroicardi,
aaronwanbissaka,aaronwanbissaka
edermilitao,
rodrygo,rodrygosilvadegoes
konstantinosmanolas,konstantinosmanolas
wissambenyedder,wissambenyedder
pablosarabia,pablosarabiagarcia
nicolobarella,nicolobarella
juleskounde,juleskounde
hirvinglozano,
joelinton,joelintoncassioapolinariodelira
aaronramsey,aaronramsey
thorganhazard,
benjaminpavard,benjaminpavard
jaspercillessen,jaspercillessen
stevenbergwijn,stevencharlesbergwijn
adrienrabiot,adrienrabiot
alexiwobi,alexiwobi
marcosllorente,marcorente
reinier,reinierjesuscarvalho
daniolmo,
matshummels,matshummels
ryansessegnon,kouassiryansessegnon
kierantrippier,kierantrippier
ayozeperez,ayozeperezgutierrez
keremdemirbay,keremdemirbay
williamsaliba,williamosula
idrissagueye,idrissaganagueye
ivanperisic,ivanperisic
suso,hiramatsuso
santimina,
patrickcutrone,patrickcutrone
yannickcarrasco,
kierantierney,kierantierney
sanderberge,
wesleymoraes,wesleymoraesferreiradasilva
leonardospinazzola,leonardospinazzola
jeanphilippegbamin,jeanphilippegbamin
dejankulusevski,dejankulusevski
lucastousart,
ronylopes,rodnylopescabral
juniorfirpo,hectorjuniorfirpoadames
exequielpalacios,
tyronemings,tyronemings
anderherrera,anderherreraaguera
dennispraet,dennispraet
victorosimhen,victorjamesosimhen
adamwebster,adamwebster
gianlucamancini,gianlucamancini
hectorherrera,juliohectorherrerafarel
alfonsopedraza,alfonsopedrazasag
jarrodbowen,jarrodbowen
amadoudiawara,amadoudiawara
edmondtapsoba,edmondfaycaltapsoba
felipe,andresfeliperoaestrada
brunoguimaraes,brunoguimaraesrodriguezmoura
renanlodi,
raphinha,
kasperdolberg,kasperdolbergrasmussen
diadiesamassekou,diadiesamassekou
joaopedro,joaopedrogeraldinodossantosgalvao
carlesalena,carlesalenacastillo
alessandroflorenzi,alessandroflorenzi
sofyanamrabat,sofyanamrabat
christophernkunku,christophernkunku
davidluiz,davidluizmoreiramarinho
chrissmalling,chrissmalling
dannyrose,dannyrose
diegogodin,rodrigogodinezorozco
danielpodence,
olimcburnie,olivermcburnie
yusufyazc,yusufyazc
aurelientchouameni,aurelientchouameni
nahitannandez,
manuellazzari,manuellazzari
stefanosensi,stefanosensi
danieljames,danieljames
ismaelbennacer,ismaelbennacer
munasdabbur,
olivertorres,olivertorresmunoz
guillermomaripan,guillermosara
pedro,pedromanueldasilvamoreira
eljifelmas,eljifelmas
alphonseareola,alphonseareola
nadiemamiri,nadiemamiri
basdost,
cheadams,cheadams
philipbilling,philipbilling
leandrotrossard,leandrotrossard
angelino,
moussadjenepo,moussadjenepo
matttargett,matttargett
lucasocampos,lucasarielocampos
diegodemme,diegodemme
alfredduncan,josephalfredduncan
arnautdanjuma,arnautdanjumaadamgroeneveld
nealmaupay,nealmaupay
moussadiaby,moussadiaby
youssouffofana,youssouffofana
diegocarlos,diegocarlossantossilva
keylornavas,keylornavasgamboa
alexanderisak,alexanderisak
dariobenedetto,darioismaelbenedetto
xaverschlager,xaverschlager
fabiandelph,fabiandelph
martindegaard,martindegaard
sergioreguilon,sergioreguilonrodriguez
valentinrongier,valentinrongier
gedsonfernandes,gersofernandes
djibrilsidibe,djibrilsidibe
lloydkelly,lloydkelly
amirrrahmani,amirrrahmani
breelembolo,
hamedjuniortraore,hamedjuniortraore
djibrilsow,
ruslanmalinovskyi,ruslanmalinovskyi
ezrikonsa,ezrikonsangoyo
alexisclaudemaurice,alexisclaudemaurice
robertskov,robertskov
ondrejduda,ondrejduda
stefanlainer,stefanlainer
stanleynsoki,
nicolasdominguez,nicolasmartindominguez
erickpulgar,
pedroporro,
odionighalo,odionjudeighalo
thierrycorreia,thierryrendallcorreia
iagofalque,iagofalquesilva
luukdejong,luukdejong
takumiminamino,takumiminamino
marvelousnakamba,marvelousnakamba
tinokadewere,
hanneswolf,hanneswolf
tejisavanier,tejitedysavanier
allysamatta,mbwanaallysamatta
alexmoreno,
jacobbruunlarsen,jacobbruunlarsen
ellyesskhiri,ellyesjorisskhiri
harrywilson,harrywilson
dannywelbeck,
albianajeti,arlindajeti
lysmousset,lysmousset
matiasvargas,atilavarga
strahinjapavlovic,strahinjapavlovic
arthurzagre,arthurzagre
portu,samuelportugallima
noahokafor,
jackclarke,jackclarke
remioudin,remioudin
leoduarte,lerinduarte
denisvavro,denisvavro
eddiesalcedo,
jeanmarcelin,
mahmoudtrezeguet,
adrianembarba,adrianembarbablazquez
joshbrownhill,joshbrownhill
kevinmbabu,melingokevinmbabu
rubenpena,rubenpenajimenez
benjaminandre,benjaminandre
gastonpereiro,
timothyweah,
leandrocabrera,leandroivanbarrera
fernandocalero,fernandocalerovilla
rogerio,deyvisonrogeriodasilva
tomassoucek,tomassoucek
guidorodriguez,guidorodriguez
matteodarmian,matteodarmian
geronimorulli,geronimorulli
carlesperez,juancarlosperezlopez
kevinvogt,kevinvogt
kylewalkerpeters,kylewalkerpeters
adamasoumaoro,bakaryadamasoumaoro
cuchohernandez,
jesusvallejo,jesusvallejolazaro
marinpongracic,marinpongracic
anwarelghazi,anwarelghazi
youssoufkone,youssoufkone
bryangil,bryangilsalvatierra
giovannidilorenzo,giovannidilorenzo
marcusthuram,
flavientait,flavientait
edouardmendy,edouardmendy
takehirotomiyasu,kenhirotomiyasu
fedorsmolov,fedorsmolov
albertomoreno,junioralbertomorenoparedes
tomheaton,tomheaton
radekrunic,radekrunic
victormoses,victormoses
pablomari,pablomarivillar
michaelcuisance,michaelciani
rubenaguilar,rubenaguilar
josephaidoo,josephaidoo
ludovicblas,ludovicblas
sebastiaanbornauw,sebastiaanbornauw
ramybensebaini,ramybensebaini
jerrystjuste,
juanmi,juanmiguelpretelsanchez
jeanlucas,jeanlucasdesouzaoliveira
luancandido,luancandidodealmeida
niclasfullkrug,niclasfullkrug
laurentkoscielny,laurentkoscielny
andreasskovolsen,andreasskovolsen
kevindanso,kevindanso
nachomonreal,ignaciomonrealeraso
andycarroll,andycarroll
garycahill,garycahill
callumrobinson,callumjackrobinson
javiontiveros,
alvarogonzalez,alvarogonzalezsoberon
francescocaputo,francescocaputo
tinjedvaj,tinjedvaj
moussawague,moussawague
pedroobiang,
matheusfernandes,matheusfernandessiqueira
rogerassale,
gabrielmartinelli,gabrielemorelli
eduardlowen,eduardlowen
radoslawmajecki,radosawmajecki
alessandrorusso,alessandrorusso
rodrigobecao,rodrigogareca
alexissaelemaekers,alexisjessesaelemaekers
jamesjustin,jamesjustin
iago,santiagomartinsilvaolivera
zacksteffen,zacksteffen
domagojbradaric,domagojbradaric
nemanjagudelj,nemanjagudelj
victorienangban,bekantyvictorienangban
craigdawson,craigdawson
stefanodenswil,stefanodenswil
leojardim,
adrientameze,adrientameze
lisandromagallan,lisandromagallan
sadathioub,sadathioub
lukefreeman,
carlosgruezo,
manuvallejo,
changhoonkwon,
gonzalovillar,gonzalovillardelfraile
jessejoronen,jessepekkajoronen
rasmuskristensen,rasmuscarstensen
emilkrafth,
lucapellegrini,lucapellegrini
daleysinkgraven,daleysinkgraven
danimartin,danmartin
predragrajkovic,predragrajkovic
jotapeleteiro,
jonathanschmid,jonathanschmid
dylanbronn,
jamesmccarthy,jamesmcarthur
ralffahrmann,
fabiodepaoli,fabiodepaoli
raulalbiol,raulalbioltortajada
alessandromurgia,alessandromurgia
efthymioskoulouris,efthymioskoulouris
chimyavila,
antoninbobichon,antoninbobichon
gonzalomaroni,gonzalomaroni
jonjoekenny,jonjoekenny
cristo,cristopherbenjamintosellirios
moigomez,
elvisrexhbecaj,elvisrexhbecaj
juanmiranda,juanmirandagonzalez
muhamedbesic,muhamedbesic
bono,angelloalainperaltabonoso
musabarrow,musabarrow
alexpozo,
jorgedefrutos,jorgedefrutossebastian
ryanbennett,ryanbennett
jason,andrejasonblake
kevinbonifazi,kevinbonifazi
mertmuldur,mertmuldur
lennartczyborra,lennartczyborra
mayayoshida,mayayoshida
darrenrandolph,darrenrandolph
renaudemond,renaudemond
lucienagoume,
fernando,josefernandoarismendiperalta
modibosagnan,modibosagnan
leonardokoutris,leonardopablokoutris
vladchiriches,vladiulianchiriches
jackstacey,jackstacey
taiwoawoniyi,
emanuelvignato,emanuelvignato
birgerverstraete,birgerdannyverstraete
andreaadorante,andrewdurante
rubenvargas,
paweljaroszynski,pawekamiljaroszynski
mertcetin,yldrmmertcetin
sammccallum,sammccallum
dejanjoveljic,dejanjoveljic
hichamboudaoui,hichamboudaoui
laminefomba,laminefomba
kajsierhuis,kajsierhuis
boskosutalo,boskosutalo
tiagodjalo,
eduexposito,
gonzalomelero,
fietearp,jannfietearp
eddygnahore,
florianaye,florianaye
zaydouyoussouf,zaydouyoussouf
perepons,pereponsriera
ashleyyoung,ashleyyoung
lewisbaker,lewisbaker
mexer,robinvandermeer
enockkwateng,enockkwateng
aleixfebas,aleixfebasperez
lorisbenito,lorisbenitosouto
ilijanestorovski,ilijanestorovski
franckribery,franckbilalribery
nicogaitan,
kevinndoram,kevinndoram
jaumecosta,
rachidalioui,rachidalioui
benosborn,benosborn
mattclarke,mattclarke
jeffchabot,
victorsa,victorsanchezmata
pawedawidowicz,pawemarekdawidowicz
rubengarcia,rubengarciasantos
jaromirzmrhal,jaromirzmrhal
garymedel,
marcofriedl,marcofriedl
mounirchouiar,mounirchouiar
arnaudsouquet,arnaudsouquet
felixuduokhai,ohisfelixuduokhai
moussakone,moussakone
adrian,adrianquintelamoya
yunusmall,yunusmall
valerioverre,valerioverre
sambyram,sambyram
zlatanibrahimovic,zlatanibrahimovic
claudadjapong,claudadjapong
ljubomirfejsa,ljubomirfejsa
lovrekalinic,lovrekalinic
pablomartinez,pablomartinez
chidozieawaziem,chidoziecollinsawaziem
deyverson,deyversonbrumsilvaacosta
kortneyhause,kortneyhause
quiquegonzalez,mauroezequielgonzalez
robertandrich,robertandrich
mehdileris,mehditerki
marcuscoco,marcuscoco
dariomaresic,dariomaresic
slobodantedic,slobodantedic
fabiencentonze,fabiencentonze
reinildomandava,reinildoisnardmandava
woutfaes,
pedrobigas,pedrobigasrigo
igor,igorlewandowski
marvinfriedrich,marvinfriedrich
albertosoro,albertosoroalvarez
robertoolabe,robertoolabedelarco
mattiavaloti,mattiavaloti
marcosala,marcosala
jorgesaenz,jorgesaenzdemieracolmeiro
lasseschone,lasseschne
sargisadamyan,sargisadamyan
peterankersen,
stefanilsanker,stefanilsanker
brunoecuelemanga,brunoecuelemanga
erikthommy,erikthommy
adamszalai,attilaarpadszalai
filipstojkovic,filipstojkovic
lukasrupp,lukasrupp
kingsleyschindler,kingsleyschindler
rubenpardo,rubenpardogutierrez
mattiadestro,mattiadestro
darkolazovic,darkolazovic
haroldmoukoudi,haroldmoukoudi
raulnavas,raulnavarrodelrio
kevinagudelo,kevinangulo
josipdrmic,josipdrmic
kevinrodrigues,kevinrodriguespires
rafasoares,brunomoreirasoares
alvarotejero,alvarotejerosacristan
nemanjaradoja,nemanjaradoja
jorgemiramon,jorgemiramonsantagertrudis
simonskrabb,simonerabbi
ericlanini,ericlanini
nanaampomah,nanaopokuampomah
baileypeacockfarrell,baileypeacockfarrell
daishawnredan,
mauritskjaergaard,mauritskjaergaard
mattiabani,mattiabani
emanuelecicerelli,emanuelecicerelli
domingosduarte,
bernardtekpetey,bernardtekpetey
lucaitter,gianlucaitter
nicholasrizzo,
samueldicarmine,samueldicarmine
gastonbrugman,gastonbrugmanduarte
benjaminsesko,benjaminsesko
romariobenzar,romariosandubenzar
ibrahimadiallo,ibrahimadiallo
marccardona,marccardonarovira
agustinrogel,
lucasdeaux,lucasdeaux
mamabalde,mamasambabalde
maximilianullmann,maximilianullmann
tonileistner,tonileistner
gennarotutino,gennarotutino
pablochavarria,pablochavarria
jackrobinson,jackrobinson
anderiturraspe,anderiturraspederteano
deanhenderson,deanhenderson
mortenthorsby,mortenthorsby
juansoriano,juansorianooropesa
christianrivera,christianriverahernandez
paullasne,paullasne
mareksuchy,mareksuchy
patrykdziczek,patrykdziczek
camilo,fabiancamilomosqueramercado
ramonmierez,
matteolovato,matteolovato
jerdyschouten,jerdyschouten
kingsleyehizibue,kingsleyehizibue
uijohwang,uijohwang
wooyeongjeong,wooyeongjeong
jeanricnerbellegarde,jeanricnerbellegarde
luisrioja,jorgeluisrojasmeza
bryanokoh,bryanokoh
mehdichahiri,mehdichahiri
jeanonana,
jacklahne,
romainperraud,romainperraud
seppvandenberg,seppvandenberg
sidysarr,sidysarr
guglielmovicario,guglielmovicario
jeankevinduverne,jeankevinduverne
jeandofuchs,
oierolazabal,oierolazabalparedes
federicovarela,federicoparadela
lukasharaslin,lukasharaslin
dedryckboyata,angadedryckboyata
wilfriedkanon,sergewilfriedkanon
suleimanabdullahi,suleimanabdullahi
erikdurm,erikdurm
inigoruizdegalarreta,inigoruizdegalarretaetxeberria
tonilato,
aleksandartrajkovski,aleksandartrajkovski
cristianzapata,
scottcarson,scottcarson
pervisestupinan,
javisanchez,bryandavidsanchezcongo
leonardocampana,leonardocampanaromero
thierryambrose,thierryambrose
takefusakubo,takefusakubo
yevgenshakhov,yevhenshakhov
yassinebenrahou,yassinebenrahou
edgarmendez,matiasignaciosepulvedamendez
zinedineferhat,zinedineferhat
miguelangelguerrero,miguelangelguerreromartin
carlosclerc,carlosclercmartinez
jhondercadiz,
carlosfernandez,josecarlosfernandezpiedra
yangelherrera,miguelangelherreraequihua
mohamedawad,mohammedawaed
fabianpavone,
koyakitagawa,koyakitagawa
brunomartella,brunomartella
arturocalabresi,arturocalabresi
karloletica,karloletica
dereckkutesa,
migueltrauco,
dongwonji,jeongwonjinjeongwonjin
mehdiabeid,mehdiabeid
aleksaterzic,aleksaterzic
noahsarenrenbazee,noahjoelsarenrenbazee
kaihavertz,kailukashavertz
leroysane,leroyazizsane
timowerner,timowerner
benchilwell,benchilwell
federicochiesa,federicochiesa
ferrantorres,ferrantorresgarcia
donnyvandebeek,donnyvandebeek
hakimziyech,hakimziyech
alextelles,
dominikszoboszlai,dominikszoboszlai
miralempjanic,miralempjanic
thomaspartey,thomaspartey
thiagoalcantara,thiagoalcantaradonascimento
fabiosilva,
rodrigo,santosrodrigonavarroarteaga
rubendias,
judebellingham,jobebellingham
moisescaicedo,
luissuarez,carlosluissuarezmendoza
bengodfrey,bengodfrey
jonathandavid,jonathandaviddossantosdure
wesleyfofana,wesleyfofana
olliewatkins,olliewatkins
sandrotonali,sandrotonali
allan,ricardobettocchimatallana
kevinvolland,kevinvolland
garethbale,garethfrankbale
jeremydoku,jeremydoku
nicolorovella,nicolorovella
danilopereira,danilopereiradasilva
thomasmeunier,thomasmeunier
saidbenrahma,mohamedsaidbenrahma
willian,willianjosedasilva
gabrielmagalhaes,
rhianbrewster,rhianjoelbrewster
marashkumbulla,marashkumbulla
callumwilson,callumwilson
abdoulayedoucoure,abdoulayedoucoure
amaddiallo,amaddiallotraore
serginodest,sergioestebanromeromendez
pierreemilehjbjerg,pierreemilekordthjbjerg
ivanrakitic,ivanrakitic
willianjose,willianjosedasilva
arkadiuszmilik,
aaronramsdale,aaronramsdale
morgansanson,morgansanson
westonmckennie,
daniparejo,
edinsoncavani,
ainsleymaitlandniles,ainsleymaitlandniles
heldercosta,
ryanfraser,ryanfraser
rayanaitnouri,rayanaitnouri
krepindiatta,krepindiatta
alekseymiranchuk,alekseymiranchuk
florentino,florentinoibrainmorrisluis
eberechieze,eberechieze
emilianomartinez,damianemilianomartinez
jamallewis,jamallewis
trincao,franciscoantoniomachadomotacastrotrincao
marcroca,marcrocajunque
joewillock,josephwillock
fikayotomori,fikayotomori
mattdoherty,
malangsarr,malangsarr
mattycash,mattycash
oscarrodriguez,yosimarrodriguez
papugomez,
wylancyprien,wylancyprien
axeldisasi,
konstantinostsimikas,konstantinostsimikas
jeandanielakpaakpro,jeandanieldavelewisakpaakpro
joerodon,joerodon
mohammedsalisu,mohamedsalisuabdulkarim
joakimmaehle,joakimmhlepedersen
gradydiangana,gradydiangana
arnemaier,arnemaier
lucasmartinezquarta,lucasmartinezquarta
brendenaaronson,brendenrussellaaronson
vedatmuriqi,vedatmuriqi
manoloportanova,manoloportanova
oussamaidrissi,oussamaidrissi
habibdiallo,
davidsilva,davidsala
maximelopez,maximelopez
heechanhwang,hwangheechanhwangheechan
marcosacuna,marcosau
demaraigray,demaraigray
danielerugani,danielerugani
shkodranmustafi,shkodranmustafi
anthonyknockaert,anthonyknockaert
jeremiefrimpong,jeremieagyekumfrimpong
emmanueldennis,emmanueldanso
tanguynianzou,
ridlebaku,ridlebotebaku
karollinetty,karollinetty
dennisman,dennisman
jakubmoder,jakubpiotrmoder
joshuaking,joshuaakinolaogunfaolukayode
baptistesantamaria,baptistesantamaria
kijanahoever,kijanadelanohoever
sekofofana,sekofofana
morganschneiderlin,morganschneiderlin
alexandernubel,alexandernubel
jesselingard,jesselingard
bounasarr,bounasarr
adolfogaich,
robertopereyra,
jeffhendrick,
adamlallana,adamdavidlallana
valentinmihaila,mihaivalentinmihaila
manukone,
adriangrbic,adriangrbic
joshuazirkzee,
maxkruse,
caiohenrique,caiohenriqueoliveirasilva
eliapetrelli,
robsonbambu,
teremmoffi,
guustil,
luishenrique,luishenriquehoffmann
samlammers,samlammers
svenbotman,svenbotman
joelveltman,joelivoveltman
jota,taranjotagarwal
razvanmarin,
stephanelshaarawy,stephanelshaarawy
kevinlasagna,kevinlasagna
alexanderschwolow,alexanderschwolow
aminegouiri,aminegouiri
simonemuratore,simonemuratore
josecallejon,
tomastavares,tomasfrancotavares
gregorkobel,gregorkobel
jordanlotomba,jordanlotomba
mijatgacinovic,mijatgacinovic
giacomobonaventura,giacomobonaventura
ferro,andresenriqueferropena
maximebusi,maximebusi
sebastianandersson,sebastianandersson
kaanayhan,kaanayhan
dannydacosta,dannyvieiradacosta
facundopellistri,facundopellistrirebollo
nahuelbustos,
eldorshomurodov,eldorshomurodov
mikkeldamsgaard,mikkelkroghdamsgaard
illanmeslier,illanmeslier
harrisonreed,harrisonreed
jaydenbogle,jaydenbogle
tahithchong,tahithchong
robinknoche,robinknoche
simonsohm,
stephymavididi,stephyalvaromavididi
ritsudoan,ritsudoan
yancouto,
jonasomlin,jonasomlin
viktorkovalenko,viktorkovalenko
diegorosa,diegososa
vladimircoufal,vladimircoufal
ignatiusganago,ignatiuskpeneganago
luigisepe,luigisepe
shonweissman,shonzalmanweissman
michalkarbownik,michakarbownik
waldemaranton,waldemaranton
bryanreynolds,bryanreynolds
laszlobenes,laszlobenes
manusanchez,germansanchezbarahona
kevinruegg,kevinruegg
adilaouchiche,adilaouchiche
jeroenzoet,jeroenzoet
conorgallagher,conorgallagher
mergimvojvoda,mergimvojvoda
ivanmarcone,ivanmarconi
maxencelacroix,maxencelacroix
raulguti,joseraulgutierrezparejo
luismilla,luismillamanzanares
amergojak,amergojak
papeaboucisse,papeaboucisse
bartoszbialek,bartoszbiaek
gianlucascamacca,gianlucascamacca
antoniocandreva,antoniocandreva
chrisrichards,ricorichards
vitinha,
dalestephens,dalestephens
thiagosilva,franciscopedrotiagosilva
jenspetterhauge,jenspetterhauge
hassanekamara,hassanekamara
aleksandrkokorin,aleksandrkokorin
facundomedina,facundoaxelmedina
ernestotorregrossa,ernestotorregrossa
issakabore,issakabore
oumarsolet,
koraygunter,koraygunter
rodrigobattaglia,rodrigoandresbattaglia
deyovaisiozeefuik,deyovaisiozeefuik
wuilkerfarinez,wuilkerfarinezaray
tommasopobega,tommasopobega
yordanosorio,
omaralderete,
andizeqiri,andiavdizeqiri
niclaseliasson,niclaseliassonsantana
dimitrioslimnios,dimitrislimnios
bersantcelina,bersantcelina
etiennecapoue,etiennecapoue
augustosolari,
michelvlap,michelvlap
danielcaligiuri,danielcaligiuri
florianmuller,florianmuller
robertsnodgrass,robertsnodgrass
nathanferguson,nathanferguson
paulogazzaniga,paulodinogazzaniga
victormollejo,victormollejocarpintero
idrissadoumbia,idrissadoumbia
maxlowe,maxlowe
abdoulaydiaby,abdoulaydiaby
ermedindemirovic,ermedindemirovic
riccardosottil,riccardosottil
ivogrbic,ivogrbic
angelgomes,danielgomes
kikikouyate,
antoneerobinson,antoneerobinson
robertgumny,robertgumny
damiankadzior,damiankadzior
jackbutland,jackbutland
kamilglik,
sebastianoluperto,sebastianoluperto
masayaokugawa,masayaokugawa
tobiasstrobl,tobiasstrobl
olivierntcham,julesolivierntcham
juansanchezmino,juanmanuelsanchezmino
borjagarcia,borjagarciafreire
jonathanpanzo,jonathanpanzo
andrescubas,adrianandrescubas
mbayediagne,mbayediagne
patrickburner,patrickburger
isaaclihadji,isaaclihadji
victorruiz,victorruizabril
gonzaloescalante,gonzaloescalante
filipkrovinovic,filipkrovinovic
loriskarius,loriskarius
juancruz,juancruzkomar
armandlauriente,armandlauriente
vagner,luanvagnersimoeseustaquio
alessandrotripaldelli,alessandrotripaldelli
jacopopetriccione,jacopopetriccione
georgioskyriakopoulos,giorgoskyriakopoulos
nikogieelmann,nikogieelmann
tosinadarabioyo,oluwatosinadarabioyo
mikevanderhoorn,mikevanderhoorn
anthonymodeste,anthonymodeste
issiagasylla,issiagasylla
alvarogimenez,alvarogimenezcandela
domingosquina,domingosquina
mihazajc,mihazajc
trevohchalobah,trevohchalobah
lautarovalenti,lautarorodrigovalenti
anthonymusaba,anthonytitemusaba
miguelbaeza,miguelazeez
kristofferaskildsen,kristofferaskildsen
stephanediarra,stephaneimaddiarra
josepmartinez,jhoelmartinez
arturionita,arturionita
yvanneyou,yvanneyounoupa
inigocordoba,inigocordobaquerejeta
gabrielezappa,gabrielezappa
mickaelmalsa,mickaelramonmalsa
lorenzodesilvestri,lorenzodesilvestri
bendavies,bendavies
juanbrunetta,
mariusbulter,mariusbulter
thomasouwejan,thomasouwejan
renatotapia,
jeancharlescastelletto,jeancharlescastelletto
eduardohenrique,eduardoenriquefereirapenaranda
alvarovadillo,alvarovadillocifuentes
brunoamione,brunoamione
jorgecuenca,jorgecuencabarreno
leondajaku,leondajaku
ardianismajli,ardianismajli
heritavares,
ragnarache,ragnarache
darianmales,darianmales
lennartgrill,lennartgrill
lucakilian,lucalipani
ismailacoulibaly,soumailacoulibaly
quentinboisgard,quentinboisgard
janpaulvanhecke,janpaulvanhecke
saturninallagbe,owalabifrancksaturninallagbekassifa
danigomez,danilogomez
nicomantl,nicomantl
thomasmonconduit,thomasmonconduit
fraserhornby,fraserhornby
saidyjanko,saidyjanko
diegolopes,diegolopezrodriguez
joescally,josephscally
joelpohjanpalo,
robertglatzel,robertnestaglatzel
samikhedira,samikhedira
nahuelmolina,nahuelmolinalucero
johanneseggestein,johanneseggestein
aleixgarcia,aleixgarciaserrano
anibalchala,
aboubakarkamara,aboubakarkamara
ivorpandur,ivorpandur
cenkozkacar,cenkozkacar
stefanogori,stefanogori
lucasdacunha,lucasdacunha
markusschubert,markusschubert
felixagu,felixagu
sachaboey,sachaboey
gastonsilva,
aaronhickey,
wataruendo,wataruendo
frederikalves,frederikalvesibsen
petarmusa,petarmusa
badrbenoun,
sergiocordova,
milosvulic,milosvulic
papegueye,
alvaronegredo,alvaronegredosanchez
jorgemolina,jorgemolinavidal
luisrojas,jorgeluisrojasmeza
gabrielcharpentier,gabrielcharpentier
tommasoaugello,tommasoaugello
matteotramoni,matteotramoni
georginiorutter,georginiorutter
lazarsamardzic,lazarsamardzic
hansnicolussicaviglia,hansnicolussicaviglia
jensjonsson,jensjnsson
lilianbrassier,lilianbrassier
burakylmaz,burakylmaz
joegelhardt,joegelhardt
tiagodantas,ruitiagodantasdasilva
frederikwinther,frederikfranckwinther
erikgerbi,
keitaendo,keitaendo
joelasoro,emanueljoelamoroso
kelvinyeboah,
denisdragus,denismihaidragus
cedrickipre,cedrickipre
jorgepombo,
birgermeling,
vedadibisevic,vedadibisevic
patrickerras,patrickerras
cedricteuchert,cedricteuchert
jongorencstankovic,jongorencstankovic
claudiobravo,
rafalgikiewicz,rafagikiewicz
marcaurelecaillard,marcaurelecaillard
marcelritzmaier,marcelritzmaier
jackgrealish,jackgrealish
lionelmessi,
benwhite,brendanwhite
eduardocamavinga,eduardocelmicamavinga
memphisdepay,memphisdepay
marcelsabitzer,marcelsabitzer
luisdiaz,luisdiazcarballido
saulniguez,saulniguezesclapez
raphaelvarane,raphaelvarane
dayotupamecano,
gianluigidonnarumma,gianluigidonnarumma
davidalaba,davidalbafernandez
ibrahimakonate,ibrahimakonate
nunomendes,
emilianobuendia,emilianobuendia
leonbailey,leonbaileybutler
robingosens,
anthonymartial,anthonymartial
donyellmalen,donyellmalen
patsondaka,patsondaka
rodrigodepaul,rodrigojavierdepaul
georginiowijnaldum,
boubakarysoumare,boubakarysoumare
tinolivramento,valentinolivramento
ilaixmoriba,ilaixmoriba
sardarazmoun,sardarazmoun
mikemaignan,mikemaignan
hectorbellerin,hectorbellerinmoruno
odilonkossounou,odilonkossounou
delealli,bamidelealli
vitaliymykolenko,vitaliymykolenko
marcguehi,
enockmwepu,enockmwepu
jesuscorona,josedejesuscoronarodriguez
julianalvarez,julianalvarez
adamarmstrong,adamarmstrong
mohamedsimakan,mohamedsimakan
ericgarcia,ericgarciamartret
joskogvardiol,joskogvardiol
sergioaguero,sergioguerreroromero
albertsambilokonga,albertmboyosambilokonga
myronboadu,myronboadu
kamaldeensulemana,kamaldeensulemana
teunkoopmeiners,teunkoopmeiners
zinhovanheusden,zinhovanheusden
denzeldumfries,
loicbade,loicbade
odsonneedouard,odsonneedouard
gonzalomontiel,gonzaloarielmontiel
rafaelborre,
papematarsarr,papematarsarr
ricardopepi,ricardopedrielsuarez
rafamir,
eriklamela,eriklamela
arthurcabral,douglasarthurcarvalheirapeixoto
matheushenrique,matheushenriquecassinidepaula
kristofferajer,kristofferandersen
calvinstengs,calvinstengs
romainfaivre,romainfaivre
maxwelcornet,gnalymaxwelcornet
michaelolise,michaelolise
sergiooliveira,
nathanpatterson,anthonypatterson
boulayedia,boulayedia
lovromajer,lovromajer
mathiasnormann,
mattiazaccagni,mattiazaccagni
nathancollins,
amadouonana,mamadoufofana
matiasvina,matiasignaciosepulvedamendez
elseidhysaj,elseidhysaj
jonaswind,jonaswendlinger
imranlouza,imranlouza
kaiojorge,kaiojorgepintoramos
mohamedihattaren,mohamedamineihattaren
josipbrekalo,josipbrekalo
cedricbakambu,cedricbakambu
christostzolis,christostzolis
lukasnmecha,lukasnmecha
samuelericci,samuelericci
ruisilva,marioruisilvaduarte
unailopez,unailopezcabrera
kacperkozlowski,kacperkozowski
ozantufan,ozantufan
vanderson,vandersondeoliveiracampos
abdallahsima,abdallahdiposima
samuelgigot,samuelgigot
yoanewissa,yoanewissa
alexkral,alexkral
frankonyeka,
jenscajuste,
mitchelbakker,mitchelbakker
moussasissoko,moussasissoko
kanginlee,kanginlee
billygilmour,billygilmour
sergioramos,sergioramosgarcia
arnaudkalimuendo,arnaudkalimuendomuinga
brandonwilliams,brandonwilliams
marcospaulo,marcospaulomesquitalopes
javairodilrosun,javairodilrosun
lorenmoron,
josejuanmacias,juanmacias
joshsargent,joshlaurent
marcosilvestri,marcosilvestri
marcosandre,marcosandreslopezcabrera
astervranckx,asterjanvranckx
josesa,neiderjosesanjuannavarro
niklasdorsch,niklasbernddorsch
orbelinpineda,orbelinpinedaalvarado
mickyvandeven,mickeyvandeven
nunotavares,juliocarolinotavares
ivanilic,ivanilic
pierohincapie,
axeltuanzebe,axeltuanzebe
yusufdemir,yusufdemir
simy,
markodmitrovic,markodmitrovic
ryanbertrand,ryanbertrand
davidzima,davidzima
aissamandi,aissamandi
amineadli,amineadli
dimitriosgiannoulis,dimitrisgiannoulis
maximilianeggestein,maximilianeggestein
tonnyvilhena,
brianbrobbey,
jesperlindstrm,jespergrngelindstrm
billalbrahimi,billalbrahimi
edonzhegrova,edonzhegrova
matiasarezo,douglasmatiasarezomartinez
hugosiquet,hugosiquet
marcorichter,marcorichter
denizundav,denizundav
ismailjakobs,ismailkoybas
brandonsoppy,brandonsoppy
anelahmedhodzic,anelahmedhodzic
jeanpierrensame,jeanpierrensame
jovanecabral,
androstownsend,androstownsend
calebekuban,calebansahekuban
omarrichards,marcrichards
luisabram,
kevinparedes,kevinparedes
pablorosario,
gabrielgudmundsson,gabrielgudmundsson
gianlucabusio,gianlucabucci
javigalan,
johanvasquez,
luismaximiano,
thomashenry,thomashenry
nahueltenaglia,facundonahueltenaglia
kamilpiatkowski,kamilpiatkowski
silvanhefti,silvanhefti
ignacevanderbrempt,ignacevanderbrempt
francocervi,franconegri
madukaokoye,
metinho,
kjellscherpen,kjellscherpen
yersonmosquera,yersonmosqueravaldelamar
samircaetano,samircaetanodesouzasantos
ruantressoldi,ruantressoldinetto
fransergio,fransergiorodriguesbarbosa
azormatusiwa,azormatusiwa
melvinbard,
nicolascapaldo,nicolascapraro
manumorlanes,
renaudripart,renaudripart
santiagoarzamendia,santiagoarzamendiaduarte
conanledesma,jeremiasconanledesma
marcobizot,marcobizot
matijanastasic,matijanastasic
andreylunev,andreylunev
ranikhedira,ranikhedira
lucanetz,lucanetz
martinhongla,martinhonglayma
tiagotomas,tiagotomaspalacios
christopherlenz,christopherlenz
beto,robertojesusmachadobetoalves
davidraum,davidraum
arthurtheate,
hugoduro,hugoduroperales
patrickberg,patrickberg
matthewhoppe,matthewhoppe
arnorsigurdsson,arnorsigursson
janisantiste,janisantiste
markolazetic,markolazetic
luanperes,luanperespetroni
connorroberts,connorroberts
ridgecianohaps,ridgecianodelanohaps
myrtouzuni,myrtouzuni
abdoulayetoure,abdoulayetoure
silvanwidmer,
matteocancellieri,matteocancellieri
rokosimic,rokosimic
ibrahimakone,ibrahimakone
konraddelafuente,konraddelafuente
edindzeko,edindzeko
georgebello,georgecampbell
robertopiccoli,robertopiccoli
xavierchavalerin,xavierchavalerin
alvarofernandez,alvarofernandezgay
monchu,
vladyslavsupryaga,vladyslavsupriaha
floriankruger,floriankruger
ebrimacolley,ebrimacolley
kristijanjakic,kristijanjakic
alberthelis,
adrianfein,adrianfein
riccardocalafiori,riccardocalafiori
josuhaguilavogui,josuhaguilavogui
timotheepembele,timotheejosephpembele
lucamoro,lucamoro
mortenfrendrup,mortenwetchefrendrup
tannertessmann,tannertessmann
kelvinamian,kelvinamianadou
wahidfaghir,wahidullahfaghir
chiquinho,
moritzjenz,moritzjenz
dimitriosnikolaou,dimitriosnikolaou
doganalemdar,doganalemdar
tymoteuszpuchacz,tymoteuszpuchacz
gerzinonyamsi,gerzinonyamsi
abdouharroui,
juniormessias,juniorwaltermessias
marcusingvartsen,marcusingvartsen
cedricitten,cedricjanitten
lorenzomontipo,lorenzomontipo
ikeugbo,
radudragusin,radumateidragusin
michelaebischer,michelaebischer
youssouphbadji,youssouphmamadoubadji
densokasius,densokasius
jurgenekkelenkamp,jurgenekkelenkamp
giorgimamardashvili,giorgimamardashvili
dimitrijekamenovic,
pablogaldames,
oliverchristensen,oliverchristensen
yaserasprilla,yaserasprillamartinez
kaorumitoma,kaorumitoma
martinerlic,martinerlic
frangarcia,sergioluissulbarangarcia
cadenclark,cadenclark
albertgudmundsson,albertgumundsson
robinhack,robinhack
gersonrodrigues,wendersonrodriguesdonascimentogaleno
ansgarknauff,ansgarknauff
dejanljubicic,dejanljubicic
jaesunglee,jiseunglee
timobaumgartl,timobaumgartl
armandobroja,armandobroja
angelrodriguez,luisangelrodriguezayazo
fernino,
leostigard,leoskiristigard
justinche,justinche
ashleyfletcher,ashleyfletcher
pierreyveshamel,pierreyveshamel
rubenalcaraz,rubenalcarazjimenez
alexcollado,alexcolladogutierrez
kikegarcia,
davidokereke,
abduconte,
zidansertdemir,batuhanzidansertdemir
svenmichel,svenmichel
rominiguekouame,rominiguekouame
igorsilva,igorsilvadealmeida
antonstach,antonstach
chrisfuhrich,chrisfuhrich
dominikgreif,dominikgreif
falicande,falicande
giulianbiancone,giulianbiancone
burakince,burakince
jereuronen,
njegospetrovic,njegospetrovic
thiagogalhardo,thiagogalhardodonascimentorocha
ignacioramirez,juanignacioramirezpolero
falayesacko,falayesacko
gianlucafrabotta,gianlucafrabotta
gideonmensah,gideonmensah
levinoztunali,levinmeteoztunali
pawelwszolek,
didierlamkelze,didierlamkelze
lucaranieri,lucaranieri
angelostiller,angelostiller
marcusbettinelli,marcusbettinelli
osmanbukari,osmanbukari
mamadouloum,mamadouloumn
martinsatriano,martinsatriano
sergioescudero,sergioescuderopalomo
kristofferklaesson,
mitchellvanbergen,mitchellvanbergen
przemyslawfrankowski,przemysawfrankowski
adriansemper,adriansemper
davidstrelec,davidstrelec
liamhenderson,liamhenderson
radamelfalcao,radamelfalcaogarciazarate
alessandrovogliacco,alessandrovogliacco
riccardogagliolo,riccardogagliolo
stiangregersen,stianrodegregersen
albertopaleari,albertoandreapaleari
bendeguzbolla,bendeguzbolla
austontrusty,
tomasalarcon,
emanuelaiwu,emanuelaiwu
leosena,
bryanlasme,bryanlasme
jeremydudziak,jeremydudziak
sofiankiyine,sofiankiyine
janniserra,jannilucaserra
nickviergever,nickviergever
sebastianvasiliadis,sebastianvasiliadis
omarmarmoush,
pauljaeckel,pauljaeckel
giovannigonzalez,
aminebassi,aminebassi
matteoruggeri,matteoruggeri
sofianealakouch,sofianealakouch
martinmerquelanz,martinmerquelanzcastellanos
fedesanemeterio,
enzoroco,
uribusquets,
rasmushjlund,
stefanosabelli,stefanosabelli
naouirouahamada,naouirouahamada
danielebaselli,danielebaselli
eraycomert,erayervincomert
deivermachado,
mikael,mikaelnoringebrigtsen
timohubers,timoberndhubers
dorperetz,dorperetz
lucasperrin,lucasperrin
yasserlarouci,yasserlarouci
enzomillot,
andreasvoglsammer,andreasvoglsammer
walidelkarti,
andrasschafer,andrasschafer
miguelllambrich,migueljuanllambrich
federicogatti,federicogatti
ismaeldoukoure,ismaellandrydoukoure
karolfila,karolfila
mylespeartharris,mylespeartharris
mamadousylla,mamadousylla
patrickwimmer,patrickwimmer
andresandrade,felixalexandreandradesanchescorreia
afimicopululu,afimicopululu
alessandroschopf,alessandroandreschopf
andersonniangbo,dogbolefranckandersonniangbo
antony,antonyiannarilli
mykhaylomudryk,mykhailomudryk
sadiomane,sadiomane
codygakpo,
darwinnunez,
gabrieljesus,gabrieljesuslorentenavarro
carlossoler,carlossolerbarragan
enzofernandez,carlosalbertovazquezfernandez
casemiro,
raheemsterling,raheemsterling
lisandromartinez,lisandromartinez
kalvinphillips,kalvinphillips
paulpogba,paulpogba
anthonygordon,anthonygordon
matheusnunes,matheusnunesfagundesdearaujo
fabiovieira,
robertlewandowski,robertlewandowski
benoitbadiashile,benoitbadiashilemukinayi
charlesdeketelaere,charlesdeketelaere
kalidoukoulibaly,kalidoukoulibaly
oleksandrzinchenko,oleksandrzinchenko
nonimadueke,
paulodybala,
andreaschristensen,andreasbruhnchristensen
ryangravenberch,ryanjirogravenberch
nicoschlotterbeck,nicoschlotterbeck
malogusto,malogusto
morgangibbswhite,morgananthonygibbswhite
giacomoraspadori,giacomoraspadori
luissinisterra,joseluissinisterracastillo
sasakalajdzic,sasakalajdzic
tete,kionreeceetete
callumhudsonodoi,callumhudsonodoi
hugoekitike,hugoekitike
mohamedcamara,mohamedcamara
joaopalhinha,
conorcoady,conorcoady
cheickdoucoure,cheickdoukoure
sofianediop,sofianediop
viktortsygankov,viktortsygankov
jamestarkowski,jamestarkowski
boubacarkamara,aboubakarkamara
ilyazabarnyi,illiazabarnyi
romeolavia,romeolavia
julianweigl,julianweigl
necowilliams,necowilliams
adamhlozek,adamhlozek
remofreuler,remomarcofreuler
andreabelotti,andreabelotti
noussairmazraoui,noussairmazraoui
joaogomes,
paulonuachu,paulebereonuachu
dwightmcneil,dwightmcneil
braismendez,braismendezportela
keanelewispotter,keanelewispotter
destinyudogie,iyenomadestinyudogie
carneychukwuemeka,carneychibuezechukwuemeka
harrysouttar,harryjamessouttar
marcossenesi,
jhonduran,
tyrellmalacia,tyrellmalacia
chancelmbemba,chancelmbembamangulu
alessioromagnoli,alessioromagnoli
mathiasolivera,mathiasoliveramiramontes
randalkolomuani,randalkolomuani
luizfelipe,luizfelipevelososantos
khvichakvaratskhelia,khvichakvaratskhelia
mohamedalicho,mohamedalicho
nickpope,nickpope
azzedineounahi,azzedineounahi
harrywinks,harrywinks
cesarecasadei,cesarecasadei
djedspence,djedspence
minjaekim,kimmintaekimmintae
jonathanclauss,jonathanclauss
gavinbazunu,
mohamedbayo,mouhamedmbaye
lucasgournadouath,lucasgournadouath
andreysantos,diogoandresantosnascimento
victorkristiansen,victorbernthkristiansen
marcao,marcobizot
carlosalcaraz,carlosjonasalcaraz
mattiaviti,mattiaviti
salihozcan,salihozcan
jrgenstrandlarsen,jrgenstrandlarsen
agustinalvarez,agustinalvarezwallace
luizhenrique,luizhenriqueandrerosadasilva
fabiocarvalho,
alexisbekabeka,alexisadelinbekabeka
daviddatrofofana,daviddatrofofana
angelofulgini,angelofulgini
kevinschade,kevinschade
andreonana,andreonana
gustavoscarpa,
samjohnstone,samjohnstone
tatycastellanos,janos
julioenciso,
marcosalonso,marcosalonsomendoza
angeldimaria,angelmariabenitezarguello
marcustavernier,marcustavernier
youssoufndayishimiye,youssoufndayishimiye
maximoperrone,maximoperrone
aminsarr,aminsarr
madycamara,mohamedmadycamara
antoinesemenyo,antoinesemenyo
dangoouattara,
armelbellakotchap,armelbellakotchap
junyaito,junyaito
nicolastagliafico,nicokla
flynndownes,flynndownes
jamesgarner,jamesdavidgarner
jakubkaminski,jakubkaminski
jeffinho,
joearibo,
mislavorsic,mislavorsic
wilfriedgnonto,degnandwilfriedgnonto
mariogotze,mariogotze
stefanposch,stefanposch
kristjanasllani,kristjanasllani
alessiocragno,alessiocragno
christopherwooh,christophernothe
andreacolpani,andreacolpani
jhonlucumi,sebastianrinconlucumi
adambuksa,adambuksa
nikolamoro,nikolamoro
lewisobrien,lewisobrien
gabrielslonina,gabrielslonina
yannsommer,yannsommer
josipjuranovic,josipjuranovic
facundobuonanotte,facundovalentinbuonanotte
unainunez,unainunezgestoso
malickthiaw,malicklayethiaw
nathanngoumou,nathanngoumouminpole
julienduranville,julienduranville
giuliomaggiore,giuliomaggiore
jakubkiwior,jakubpiotrkiwior
cesarmontes,
andrealmeida,ricardoalexandrealmeidasantos
elbilaltoure,elbilaltoure
abner,marcosabnerdelgadoocampo
kaiky,kaikyfernandesmelo
flaviusdaniliuc,flaviusdaviddaniliuc
simonadingra,simonadingra
marcosantonio,marcosantoniovelasquezahumada
bambadieng,
jordanlarsson,carlhenrikjordanlarsson
marcocarnesecchi,marcocarnesecchi
nedimbajrami,nedimbajrami
loisopenda,ikomaloisopenda
abdeezzalzouli,abdessamadezzalzouli
joaovictor,joaovictordasilvamarcelino
nicolocasale,nicolocasale
julianryerson,julianryerson
isco,franciscojavierfloressequera
lazaro,lazarouskambole
samuellino,samueldiaslino
bartolfranjic,bartolfranjic
grischapromel,grischapromel
perrschuurs,perrschuurs
oscargloukh,oscargloukh
jonjoshelvey,jonjoshelvey
matheusmartins,matheusmartinssilvadossantos
raoulbellanova,raoulbellanova
marquinhos,alexandermartinmarquinhocallensasin
theobongonda,theobongondambulofekobatombo
diogoleite,
anthonycaci,anthonycaci
colindagba,colindagba
jackstephens,jackstephens
thomasstrakosha,thomasstrakosha
savinho,miguelgerardosuarezsavino
ibrahimsalah,ibrahimsalah
dionbeljo,
selimamallah,selimamallah
niklasstark,niklasstark
cyrieldessers,cyrieldessers
mostafamohamed,mostafamohamedfathiabdelhameid
gonzaloplata,
felixafenagyan,felixoheneafenagyan
mariogila,mariogilafuentes
miguelgutierrez,miguelgutierrezortega
daleyblind,daleyblind
filipuremovic,filipuremovic
bartlomiejdragowski,bartomiejdragowski
ericbailly,
mergimberisha,mergimberisha
philippmax,philippmalicsek
stefanortega,stefanortegamoreno
oscarmingueza,oscarminguezagarcia
darkogyabi,darkogyabi
cylelarin,
harisseferovic,harisseferovic
mahdicamara,mahdicamara
mattturner,matthewturner
joelmvuka,joelmvuka
kristianthorstvedt,kristianthorstvedt
isaaktoure,souleymaneisaaktoure
williotswedberg,williottheoswedberg
oriolromeu,oriolromeuvidal
andreacambiaso,andreacambiaso
wilfriedkanga,akawilfriedkanga
salisabdulsamed,salisabdulsamed
calvinramsay,
koitakura,
pablotorre,pablotorrecarral
bricesamba,bricesamba
johannlepenant,johannlepenant
maximleitsch,maximleitsch
rogermarti,rogermartinezsantamaria
andreacarboni,andreacarboni
jackhendry,jackhendry
jimmycabot,jimmycabot
nicolascozza,nicokla
oliverabildgaard,oliverabildgaard
juniordinaebimbe,ericjuniordinaebimbe
madsbechsrensen,madsbechsrensen
amospieper,amospieper
nathanaelmbuku,nathanaelmbuku
shaneduffy,
levicolwill,
joseangelcarmona,joseangelcarmonanavarro
antonioblanco,antoniobalzano
fernandopacheco,fernandopacheco
emirhanilkhan,emirhanilkhan
amarfatah,
danielkofikyereh,danielkofikyereh
jamieleweling,jamieleweling
federicogattoni,federicogatti
christopherjullien,christopherjullien
paxtenaaronson,paxtenaaronson
youssefmaleh,youssefmaleh
hirokiito,hirokiito
michaelfrey,michaelfrey
vinisouza,
veljkobirmancevic,veljkobirmancevic
enzoebosse,enzoebosse
alanvirginius,alanvirginius
yasinayari,yasinabbasayari
jensstage,
jakabijol,jakabijol
nicolasfernandezmercau,nicolasezequielfernandezmercau
emilbohinen,emilbohinen
aissalaidouni,aissabilallaidouni
agustinmarchesin,agustinfedericomarchesin
kasperschmeichel,kasperpeterschmeichel
tomkrau,tomkrau
ivansunjic,ivansunjic
danilhodoekhi,
sergioasenjo,sergioasenjoandres
erikbotheim,erikbotheim
eduardoquaresma,
arnaudnordin,
alessandrozanoli,alessandrozanoli
akimzedadka,akimzedadka
folarinbalogun,folarinbalogun
joseluismorales,joseluismoralesnogales
jaimeseoane,jaimeseoanevalenciano
charlespickel,
joshavagnoman,
valentinantov,valentinantov
micheledigregorio,micheledigregorio
jacksonporozo,
marinljubicic,marinljubicic
andreashancheolsen,andreashansen
karimkonate,karimkonate
markomilovanovic,markomilovanovic
ivanprovedel,ivanprovedel
adrienhunou,adrienhunou
dejanlovren,dejanlovren
rodrigozalazar,rodrigozalazarmartinez
janikhaberer,janikhaberer
festyebosele,festyebosele
olasolbakken,
leebuchanan,leebuchanan
joerothwell,joerothwell
ismaily,ismailyuksek
bradleylocko,bradleylocko
lorenzocolombo,lorenzocolombo
ibrahimaniane,ibrahimaniane
harrisonashby,harrisonashby
emanuelemegha,emanuelemegha
cedricbrunner,cedricbrunner
sekoumara,sekoumara
liberatocacace,
joshdoig,
bafodediakite,bafodediakite
lucazanimacchia,lucazanimacchia
josegragera,josegrageraamado
hrvojesmolcic,hrvojesmolcic
eduardsobol,eduardsobol
thiernobalde,thiernobalde
lucavalzania,lucavalzania
guiguedes,
ericmartel,ericmartel
petarstojanovic,petarstojanovic
julenlobete,julenlobetecienfuegos
cedrichountondji,cedrichountondji
abdulmumin,khalidabdulmuminsuleman
noahmbamba,noahmbamba
ederbalanta,kevinalexanderbalantalucumi
jamesbree,jamesbree
ajdinhrustic,ajdinhrustic
kristianpedersen,kristianpedersen
aureliobuta,
kevenschlotterbeck,kevenschlotterbeck
matthisabline,matthisabline
rubenblanco,rubenblancoveiga
sergiocamello,sergiocabello
evannguessand,evannguessand
wladimirofalcone,wladimirofalcone
fabrizioangileri,fabriziogermanangileri
houboulangmendes,houboulangmendes
merlinrohl,merlinrohl
lucapfeiffer,lucapfeiffer
yoanncathline,yoanncathline
emmanuelagbadou,emmanuelagyemangbadu
diegovalencia,
thijsdallinga,thijsdallinga
achrafdari,achrafdari
assanceesay,
alexistibidi,alexistibidi
kilianfischer,kilianfischer
saidhamulic,saidhamulic
harrytoffolo,harrytoffolo
williambving,williambvingvick
samuelebirindelli,samuelebirindelli
raimondskrollis,raimondskrollis
victorchust,victorchustgarcia
irvincardona,irvincardona
javihernandez,miguelangelborjahernandez
randynteka,randynteka
leogreiml,leogreiml
philippforster,philippforster
elishaowusu,elishaowusu
sandilovric,sandilovric
sirikidembele,sirikidembele
aitorfernandez,aitorfernandezabarisketa
brianolivan,brianolivanherrero
josecarloslazo,josecarloslazoromero
finnolebecker,finnolebecker
gedeonkalulu,gedeonkalulukyatengwa
benmee,benmee
yanvalery,yanvalery
mathiaspereiralage,mathiaspereiralage
tonivilla,laureanoantoniovillasuarez
juanjoseperea,juanjosepereamendoza
julienlecardinal,julienlecardinal
joshbowler,joshbowler
ousmanecamara,ousmanecamara
sebastianpolter,sebastianpolter
milospantovic,milospantovic
konidewinter,konidewinter
lorenzopirola,lorenzopirola
kristijanbistrovic,kristijanbistrovic
paulseguin,paulseguin
oscarfraulo,oscarluigifraulo
delanoburgzorg,delanoburgzorg
jessicngankam,jessicgaitanngankam
mathystel,mathystel
emilkonradsenceide,emilkonradsenceide
gustavopuerta,gustavoperalta
zakariaaboukhlal,zakariaaboukhlal
lewisferguson,lewisferguson
amirrichardson,amirrichardson
giacomoquagliata,giacomoquagliata
mateuszpraszelik,mateuszpraszelik
leonardobuta,leonardzuta
marcinbulka,marcinbuka
boubacartraore,boubacartraore
lameckbanda,lameckbanda
alexsandro,alexsandrovictorsouzaribeiro
riccardociervo,riccardociervo
rayanraveloson,
andreasbruus,andreasbruus
brianocampo,
srdjanbabic,sranbabic
tommasomilanese,tommasomilanese
nicolocambiaghi,nicolocambiaghi
samuelumtiti,samuelyvesumtiti
paologhiglione,paologhiglione
mosesusor,mosesusor
maximeleverbe,
milesvilar,milesvilar
philipphofmann,philipphofmann
gabrielsuazo,
fraserforster,fraserforster
salvisanchez,
robertzulj,robertzulj
thomasdelaine,thomasdelaine
papandiagayade,papendiagayade
pietroceccaroni,pietroceccaroni
moussadjitte,moussanjie
mihablazic,mihablazic
yahiafofana,yahiafofana
danielmaldini,danielmaldini
jeremiebela,jeremiebela
goncaloramos,goncalorosagoncalvespereirarodrigues
masonmount,masonmount
manuelugarte,manuelduarte
brennanjohnson,brennanpricejohnson
declanrice,declanrice
harrykane,harrykane
pautorres,saultorresrojas
mohammedkudus,mohammedkudus
vitorroque,
colepalmer,colepalmer
bradleybarcola,bradleybarcola
harveybarnes,harveylewisbarnes
jurrientimber,
xavisimons,xaviersimons
jameswardprowse,jameswardprowse
ibrahimsangare,ibrahimsangare
ansufati,
edsonalvarez,alfioovidiooviedoalvarez
nicolasjackson,nicolasjackson
elyewahi,sepeelyewahi
felixnmecha,felixkalunmecha
arthurvermeeren,arthurvermeeren
davidraya,davidrayamartin
lesleyugochukwu,
castellolukeba,juniorcastellolukeba
carlosbaleba,carlosbaleba
christophbaumgartner,christophbaumgartner
samuelchukwueze,
alejandrogrimaldo,alejandrogrimaldogarcia
davidefrattesi,davidefrattesi
marcoasensio,marcoasensiowillemsen
alexscott,alexscott
nathantella,nathantella
calvinbassey,calvinbasseyughelumba
robertsanchez,robertlynchsanchez
cameronarcher,cameronarcher
enzolefee,
lucasberaldo,lucasbernadou
abakarsylla,loubadheabakarsylla
bartverbruggen,bartverbruggen
nicolasseiwald,nicolasseiwald
granitxhaka,granitxhaka
adamwharton,adamwharton
ardaguler,ardaguler
gabrielmoscardo,
matheusfranca,matheusfrancadeoliveira
ianmaatsen,ianethanmaatsen
ilkaygundogan,ilkaygundogan
cyrilngonge,cyrilngonge
anthonyelanga,anthonybeltran
ilimanndiaye,ilimanndiaye
giovannireyna,
raphaelguerreiro,
zekiamdouni,mohamedzekiamdouni
yunusmusah,
manorsolomon,manorsolomon
miloskerkez,miloskerkez
jamestrafford,jamestrafford
jesperkarlsson,perkarlsson
gustavohamer,gustavohamer
deividwashington,
mateoretegui,mateoretegui
benbreretondiaz,benjaminanthonybreretondiaz
alejoveliz,alejoveliz
angelo,louisangelopenapuentes
giftorban,
djordjepetrovic,orepetrovic
jordanbeyer,jordanmeyer
maxaarons,
odysseasvlachodimos,odisseasvlachodimos
fabianrieder,fabianrieder
hakonarnarharaldsson,hakonarnarharaldsson
elchadaillebitshiabu,elchadaillebitshiabu
tommasobaldanzi,tommasobaldanzi
carlosaugusto,carlosaugustozopolatoneves
arsenzakharyan,arsenzakharyan
artemdovbyk,artemdovbyk
miketresor,miketresorndayishimiye
attilaszalai,attilaarpadszalai
tijjanireijnders,tijjanireijnders
valentinbarco,valentinbarco
chermiti,yousseframalhochermiti
victorboniface,victorokohboniface
willianpacho,
jonashofmann,jonashofmann
houssemaouar,houssemaouar
andrewomobamidele,andrewabiolaomobamidele
claudioecheverri,claudioecheverri
lucasbeltran,lucasbeltran
santiagobueno,santiagomoreno
murillo,jesusdavidmurilloleon
wilsonodobert,wilsonodobert
mohameddaramy,mohameddaramy
wilfriedsingo,
gustavisaksen,gustavtangisaksen
anastasiosdouvikas,anastasiosdouvikas
keitonakamura,keitonakamura
sheraldobecker,sheraldobecker
josipstanisic,josipstanisic
lukethomas,lukethomas
hannibal,hannibalmejbri
bryanzaragoza,bryanzaragozamartinez
ericdier,ericdier
jamesmcatee,jamesmcatee
aliduseidu,aliduseidu
tomascvancara,tomascvancara
altaybayndr,altaybayndr
fareschaibi,fareschaibi
quentinmerlin,quentinmerlin
dilanebakwa,dilanebakwa
danielmunoz,danielmunie
brenner,brennermarlosvarandadeoliveira
fabianoparisi,fabianoparisi
juniormwanga,juniormwanga
natan,jhonatanluizdasiqueira
anthonyrouault,anthonyrouault
dalerkuzyaev,dalerkuzyaev
calebokoli,memehcalebokoli
lewishall,lewishall
lorenzassignon,lorenzassignon
aureleamenda,aureleamenda
morganrogers,morganelliotrogers
nathanredmond,nathanredmond
hugolarsson,hugolarsson
edgargonzalez,edgargonzalezestrada
andonigorosabel,andonigorosabelespinosa
sergicanos,sergicanostenes
isakhien,isakhien
ryangiles,ryangiles
tomdavies,tomdavies
malickfofana,malickmartinfofana
philippkohn,philippkuhn
farismoumbagna,farispemimoumbagna
mbalanzola,mbalanzola
jeanmatteobahoya,jeanmatteobahoya
vaclavcerny,vaclavcerny
yankubaminteh,yankubaminteh
tajonbuchanan,tajonbuchanan
junioradamu,
adryelson,
sergioakieme,sergioakiemerodriguez
lucasperri,lucasperrin
robholding,robholding
davidjurasek,davidjurasek
georgesmikautadze,georgesmikautadze
alejandrocatena,alejandroaltuna
nielsnkounkou,
formosemendy,formosemendy
cristianvolpato,cristianvolpato
daraoshea,
kostanedeljkovic,
walidcheddira,walidcheddira
yannbisseck,
santiagocastro,santiagocaseres
santicomesana,
andydiouf,andydiouf
arthur,mattymacarthur
eliacaprile,eliacaprile
marcuspedersen,marcuspedersen
japhettanganga,japhettanganga
christiankabasele,christiankabasele
tommydoyle,
maximeesteve,maximeesteve
chrislainmatsima,
alvarocarreras,
tiagosantos,thiagodossantos
dionlopy,dionlopy
simonebastoni,simonebastoni
samuaghehowa,
madsbidstrup,madsbidstrup
ensogonzalez,ricardoalfonsogonzalez
carlstarfelt,
johnnycardoso,
sergioarribas,sergioarribascalvo
jhonsolis,
giovannifabbian,giovannifabbian
adson,ferreirasoaresadson
jacobbrown,jacobbrown
badredinebouanani,badredinebouanani
pepbiel,pepbielmasjaume
karolswiderski,karolswiderski
miguelcrespo,miguelcrespodasilva
stijnspierings,stijnspierings
jordanzemura,jordanmurray
augustobatalla,
douglasaugusto,douglasaugustosoaresgomes
ernestnuamah,ernestappiahnuamah
brunomendez,cristhoperdouglaszambranomendez
cedriczesiger,cedriczesiger
bertugyldrm,bertugozguryldrm
teddyteuma,teddyteuma
matejkovar,matejkovar
petarratkov,petarratkov
mohamedbamba,mohamedbamba
mateuszwieteska,mateuszwieteska
marcpubill,marcpubillpages
danielperetz,danielperetz
clintonmata,lintonmaina
pepelu,
matteoprati,matteoprati
miloslukovic,milosveljkovic
michaelobafemi,michaelobafemi
emilholm,
gastonalvarez,pedrogastonalvarezsosa
samucosta,
lorenzolucca,lorenzolucca
cesarazpilicueta,cesarazpilicuetatanco
oscarestupinan,
adriapedrosa,adriaginerpedrosa
romanyaremchuk,romanyaremchuk
matteogabbia,matteogabbia
masonholgate,masonholgate
valentinrosier,valentinrongier
arnautenas,arnautenasurena
jonkarrikaburu,jonkarrikaburu
hannoahmassengo,hannoahmassengo
valentincarboni,valentincarboni
masongreenwood,masongreenwood
sambeukema,sambeukema
oscarcortes,
akoradams,
yorbevertessen,yorbevertessen
benietraore,bentraore
samuelemulattieri,samuelemulattieri
filippoterracciano,filippoterracciano
arondnnum,
tadeoallende,tadeoallende
yunusemrekonak,yunusemrekonak
shamarnicholson,shamaramaronicholson
kikeperez,
stefanoturati,stefanoturati
andypelmard,
josephokumu,
raulgarcia,raulgarciacarnero
gianlucagaetano,gianlucagaetano
morganguilavogui,morganguilavogui
skellyalvero,skellyalvero
aiyeguntosin,aiyeguntosin
ibrahimsulemana,ibrahimsulemana
olivierdeman,olivierdeman
ulissesgarcia,
hendryblank,hendryblank
ignaciomiramon,juanignaciomiramon
aminesalama,aminesalama
pasqualemazzocchi,pasqualemazzocchi
siebevanderheyden,siebevanderheyden
sennelynen,sennelynen
kevinbehrens,kevinbehrens
ramonterrats,ramonterratsespacio
pantelishatzidiakos,pantelishatzidiakos
rassoulndiaye,rassoulndiaye
berkankutlu,
matiassoule,matiassoulemalvano
nikolakrstovic,nikolakrstovic
andrejilic,andrejilic
maximilianocaufriez,maximilianocaufriez
danndoye,damendoye
danielboloca,danielboloca
marcopellegrino,marcopellegrino
madsandersen,madsjuelandersen
saidousow,saidousow
cristiancasseresjr,cristiancauz
martinpayero,martinismaelpayero
paulakouokou,paulakouokou
timbreithaupt,timbreithaupt
tomholmes,thomasholmes
alfonsoespino,luisalfonsoespinogarcia
julianaraujo,
alessiozerbin,alessiozerbin
gerardgumbau,gerardgumbaugarriga
ahmedtouba,ahmedtouba
mihajloilic,
tijjaninoslin,tijjaninoslin
mateuszlegowski,mateuszegowski
elionefernandesneto,elionefernandesneto
ibrahimcissoko,ibrahimcissoko
nathanielbrown,nathanielbrown
loumtchaouna,loumtchaouna
adamdaghim,
carlosdotor,carlosdotorgonzalez
mohamedkaba,mohamedkaba
hannesdelcroix,hannesdelcroix
adrianmazilu,adrianmazilu
ginoinfantino,ginoinfantino
tiagomorais,
lucakoleosho,
hakonrafnvaldimarsson,hakonrafnvaldimarsson
amirmurillo,michaelamirmurillobermudez
keinandavis,keinandavis
chrisbedia,
sabasazonov,sabasazonov
ivanmartin,ivanmartinnunez
mihailoristic,mihailoristic
phillippmwene,phillippmwene
leonidasstergiou,leonidasstergiou
lukaromero,lukaromerobezzana
patricpfeiffer,patricpfeiffer
giorgiocittadini,giorgiocittadini
oierzarraga,oierzarragaegana
rodrigoribeiro,rodrigoribeirovalente
iliasakhomach,iliasakhomachchakkour
alexsola,alexnolan
beciromeragic,beciromeragic
robertnavarro,robertnavarromunoz
iddrisubaba,iddrisubabamohammed
thomaskaminski,thomaskaminski
diegomoreira,
lautarogiannetti,lautarodanielgianetti
shavybabicka,
nicoloturco,
anisslimane,anisbenslimane
dembaseck,dembaseck
seedyjatta,seedyjatta
santiagomourino,santiagomourino
mikkelkaufmann,mikkelkaufmannsrensen
philliptietz,philliptietz
emamashour,
davidankeye,
mattiaaramu,mattiaaramu
niklasschmidt,niklasschmidt
horatiumoldovan,
georgepuscas,
kevinvandenkerkhof,kevinvandenkerkhof
yanngboho,gnantinyanngboho
alioubalde,alioubadji
rafaelfernandes,rafaelfernandorobayomarroquin
szymonwlodarczyk,szymonwodarczyk
oumardiakite,oumardiakite
filippomissori,filippomissori
anderguevara,anderguevaralajo
santiagopierotti,santiagodanielpierotti
florentmuslija,florentmuslija
bamomeite,abdoulbamomeite
deanhuijsen,
michaelfolorunsho,michaelijemuanfolorunsho
faridealidou,faridealidou
jacobchristensen,jacobsteenchristensen
finndahmen,
nerayshokasanwirjo,nerayshomeritchiokasanwirjo
nachovidal,ignaciovidalmiralles
mousatamari,mouaadmadri
giulianosimeone,giulianosimeonebaldini
bilalboutobba,bilalboutobba
kamorydoumbia,kamorydoumbia
kamiljozwiak,kamiljozwiak
panoskatseris,panoskatseris
emanuelevaleri,emanuelevaleri
ashleyphillips,ashleyphillips
matusbero,matusbero
christophklarer,christophklarer
redaslim,
ivancavaleiro,
fabiochiarodia,
julianmalatini,julianmalatini
sergialtimira,sergioaltimiraclavell
etiennecamara,etiennecamara
benedicthollerbach,benedicthollerbach
kassoumouattara,kassoumouattara
douglasmendes,
frankmagri,frankmagri
laminediack,laminediack
daikihashioka,daikisugioka
simonescuffet,simonescuffet
milandjuric,milanuric
maksymtaloverov,maksymtalovierov
emmanuelgyasi,
marvinpieringer,marvinpieringer
danisilva,danieldesilva
danicardenas,
tomassuslov,tomassuslov
maximilianmittelstadt,maximilianmittelstadt
maximilianwittek,maximilianwittek
agustinmartegani,agustinmartegani
